0.36,443.28,-252.94
-1.37,427.12,-205.32
-2.30,435.94,-301.12
-0.89,445.45,-301.36
-1.53,458.10,-309.46
-2.30,443.07,-310.30
-1.21,448.67,-307.00
-2.46,446.66,-311.27
-0.68,453.47,-312.88
0.04,445.53,-310.70
0.12,445.94,-259.26
-1.21,438.04,-259.14
0.12,444.97,-300.71
-0.77,444.61,-308.85
-2.01,445.17,-305.19
-1.97,444.97,-356.95
-0.89,444.24,-351.51
-0.52,436.23,-302.29
-1.53,436.95,-345.91
-1.29,436.87,-300.55
0.89,453.79,-308.57
0.68,454.19,-306.92
0.00,445.45,-258.70
-0.16,444.61,-309.25
-0.85,427.97,-214.11
-1.73,436.91,-260.11
-2.09,436.19,-307.97
-1.13,444.36,-305.47
-3.54,436.43,-257.25
-3.02,436.39,-252.37
-3.18,428.81,-251.21
-1.97,445.21,-300.71
-1.69,452.90,-304.46
-0.48,453.07,-304.42
-0.77,445.05,-210.72
-1.25,445.49,-255.92
-3.14,428.90,-253.26
-2.34,431.67,-257.61
-2.30,437.88,-264.90
-2.26,444.61,-269.98
-2.54,443.60,-268.08
-1.09,453.99,-311.87
-1.81,440.98,-305.83
0.68,439.09,-263.98
-1.65,437.84,-263.05
-1.37,437.11,-262.00
-1.21,443.28,-308.37
-1.93,435.86,-265.95
-2.42,444.73,-353.85
-2.78,445.05,-355.18
-0.20,445.53,-301.20
-0.44,437.68,-249.19
-0.16,445.49,-253.26
0.04,452.66,-305.75
-0.08,445.01,-214.19
-1.37,453.67,-307.52
-3.06,445.33,-308.29
-2.98,437.40,-308.93
-2.90,429.22,-265.99
-2.90,428.45,-262.24
-1.81,427.53,-261.56
-1.09,436.47,-264.62
-1.33,437.07,-217.77
-2.46,437.92,-214.79
-2.01,437.60,-257.17
-0.52,437.23,-206.17
-1.69,445.41,-304.34
-1.21,436.67,-257.65
-1.73,427.49,-261.76
-2.46,429.74,-266.03
-1.53,437.96,-359.69
-1.93,429.46,-263.53
-0.56,444.57,-307.84
-2.09,437.27,-256.97
-2.58,428.65,-259.18
-3.91,428.49,-212.98
-3.38,444.28,-307.24
-3.46,436.07,-262.20
-3.59,428.45,-261.76
-2.90,428.69,-254.67
-1.57,436.75,-347.48
-1.65,435.22,-295.80
-0.40,452.74,-302.45
-0.04,452.94,-299.14
-1.53,444.24,-206.69
-0.81,444.53,-256.32
-1.37,436.11,-257.69
-1.61,436.19,-214.23
-2.34,444.36,-309.05
-3.59,428.13,-255.48
-2.18,444.53,-301.68
-1.53,444.48,-305.75
-1.05,444.48,-346.27
-3.38,426.88,-260.39
-3.06,435.22,-261.84
-2.74,435.74,-259.30
-2.30,435.78,-219.99
-1.17,444.44,-264.70
-3.83,428.41,-201.66
-4.15,436.07,-241.26
-1.17,451.90,-299.59
-1.37,444.12,-260.43
-2.09,436.59,-260.75
-2.90,428.01,-257.73
-2.18,444.69,-263.45
-1.81,436.87,-257.53
0.32,436.75,-254.75
-1.93,444.89,-345.19
-1.25,453.27,-343.54
-1.37,444.44,-303.74
-2.09,428.29,-202.46
-2.14,436.67,-205.20
-2.58,445.13,-256.00
-0.97,453.43,-307.04
0.40,454.80,-303.86
-0.48,445.09,-220.67
-1.33,453.11,-277.59
-2.14,453.75,-274.21
-2.90,439.13,-269.17
-3.02,432.88,-259.22
-2.38,439.29,-311.71
-0.73,445.49,-309.86
0.64,445.13,-309.66
0.52,428.49,-215.39
-1.37,437.03,-212.21
-1.37,445.13,-255.19
0.77,446.94,-208.99
0.36,453.87,-263.73
0.48,456.61,-309.13
-0.08,455.00,-358.00
-0.16,449.80,-350.87
-2.30,447.18,-359.04
-1.89,445.85,-356.91
-1.57,445.94,-352.80
-0.48,446.02,-302.89
-1.13,445.37,-300.67
-2.05,444.73,-310.38
-0.68,444.44,-310.14
-0.68,435.78,-211.97
0.32,452.54,-302.12
-0.73,436.59,-257.97
-2.30,428.17,-255.15
-3.59,427.49,-255.80
-3.50,437.52,-302.41
-0.68,451.01,-305.87
0.08,467.04,-364.48
1.37,470.23,-323.92
0.40,459.79,-272.64
-0.36,444.65,-218.09
-3.30,439.93,-257.33
-2.66,445.61,-306.23
-2.09,444.77,-310.91
-2.54,431.67,-218.70
-1.53,438.93,-264.14
-1.09,442.71,-273.32
-0.20,447.79,-270.14
-1.45,442.51,-266.51
-2.26,446.38,-309.05
-2.26,437.31,-265.06
-2.62,436.55,-262.00
-4.27,437.92,-261.24
-1.89,458.54,-355.70
-0.97,455.40,-363.07
-1.13,454.96,-366.98
-2.78,450.16,-362.07
-0.89,446.86,-354.53
-0.89,429.14,-260.75
-0.56,428.77,-215.11
-2.18,436.75,-258.50
-2.09,438.52,-302.45
0.00,437.60,-300.75
0.40,444.44,-344.95
1.21,442.99,-261.96
-0.97,434.74,-208.63
-2.09,427.89,-257.33
-2.46,429.74,-256.32
-1.17,445.81,-302.73
-0.44,454.03,-308.69
-0.89,454.35,-308.85
-0.89,446.70,-214.15
-2.46,446.54,-259.10
-2.30,437.40,-251.25
-2.46,446.62,-304.74
-1.21,441.54,-212.45
-1.17,454.52,-263.49
-0.64,462.21,-311.55
-1.13,463.50,-315.62
-0.85,458.62,-313.85
-3.63,451.21,-306.31
-1.25,454.27,-351.67
-0.52,444.93,-260.83
-0.77,437.35,-211.73
-2.70,439.33,-257.49
-3.02,444.93,-310.46
-0.81,461.56,-363.07
0.20,473.49,-373.06
-1.01,460.11,-268.33
-2.22,443.24,-265.87
-1.57,431.27,-251.85
0.77,446.98,-253.99
-0.12,445.73,-256.12
0.20,453.71,-304.50
-0.08,453.43,-304.70
-1.17,441.50,-213.58
-2.09,447.99,-262.77
-1.89,447.47,-316.79
-1.17,452.78,-352.84
-2.01,448.84,-350.54
-1.13,445.77,-349.54
-2.50,427.49,-259.91
-1.05,444.61,-255.76
-1.89,444.44,-253.70
0.20,452.58,-302.85
0.44,453.15,-302.69
-0.48,444.97,-257.01
-1.81,437.15,-252.21
-2.22,444.85,-307.68
-0.68,436.27,-252.74
-0.85,437.15,-255.15
-0.97,436.27,-250.64
-1.77,435.99,-252.21
-0.81,436.71,-255.31
-1.69,436.67,-261.48
-1.69,437.60,-210.76
0.12,459.31,-307.12
-0.93,447.22,-314.61
-0.73,455.56,-364.24
-3.50,443.24,-307.84
-3.54,439.85,-307.20
-3.50,430.91,-254.55
-1.73,445.89,-253.99
-1.73,444.04,-258.34
-0.60,452.10,-302.04
-0.52,452.90,-306.68
-1.09,436.75,-209.23
-2.14,428.21,-211.85
-2.82,427.57,-255.03
-2.98,435.38,-301.80
-2.54,447.67,-352.72
-1.21,451.90,-355.94
-2.26,435.99,-261.36
-0.68,449.04,-310.62
-0.60,454.64,-302.65
1.05,445.33,-254.55
-0.56,436.51,-210.64
-1.73,437.19,-208.79
-1.69,438.12,-210.76
-1.93,429.30,-205.20
-3.34,430.87,-257.69
-1.77,445.09,-269.09
-1.61,462.21,-324.20
-0.04,471.92,-326.86
0.89,467.33,-310.18
-0.89,443.12,-212.17
-1.33,439.97,-204.40
-1.41,446.26,-262.69
0.60,446.06,-202.42
-1.09,437.44,-206.73
-2.54,433.85,-262.20
-1.81,456.13,-362.71
-0.24,457.94,-316.46
0.97,453.87,-265.31
-0.73,441.62,-211.81
-2.26,438.20,-251.93
-1.37,437.15,-303.09
-0.68,453.59,-347.20
-1.61,445.77,-307.12
-1.49,445.25,-301.04
-2.22,436.79,-214.31
-1.17,453.11,-313.16
-2.26,435.78,-256.60
-1.49,436.07,-254.07
-2.86,436.63,-257.53
-0.44,452.94,-347.68
-0.36,444.65,-266.55
0.00,453.15,-315.42
-2.50,436.51,-261.04
-2.86,444.65,-299.38
-3.26,444.93,-299.10
-1.89,445.21,-300.19
-1.09,437.15,-255.96
0.12,445.33,-346.80
-0.97,433.69,-272.52
-1.37,458.70,-280.33
-3.10,465.39,-276.91
-0.56,467.20,-229.90
-1.97,454.92,-219.70
-1.41,439.13,-220.63
-1.77,442.07,-253.70
-1.93,438.93,-204.07
-1.53,445.41,-301.64
-2.70,427.97,-252.05
-1.69,436.07,-252.66
-2.30,436.23,-248.39
-1.13,444.81,-339.35
-1.77,428.81,-241.94
-1.09,445.41,-252.45
-2.70,444.69,-254.87
-1.25,444.89,-206.69
-1.05,453.71,-300.71
-1.77,446.98,-306.72
-0.08,459.19,-356.63
-1.37,453.83,-313.28
-0.20,459.59,-355.10
-1.41,438.80,-260.59
-1.25,445.69,-262.89
-2.42,436.75,-262.73
-0.60,445.37,-308.45
-2.18,444.20,-300.15
-2.30,453.51,-297.21
-3.46,442.15,-253.18
-2.05,442.35,-259.10
-2.90,455.16,-313.08
-2.54,461.36,-357.43
-0.73,463.66,-354.85
0.44,449.44,-310.74
-0.77,438.00,-262.81
-1.97,438.08,-265.83
-2.42,438.56,-315.54
-2.01,438.76,-311.39
0.68,445.77,-304.82
-0.81,452.38,-306.84
-0.56,452.82,-349.86
-0.97,444.20,-289.19
-1.05,443.24,-288.83
-0.44,452.50,-296.85
-1.53,452.78,-300.03
-1.01,452.86,-300.63
-0.77,452.58,-305.51
-1.93,453.07,-306.19
-3.02,445.13,-304.30
-1.93,445.53,-304.94
-0.85,436.75,-209.03
-0.73,445.21,-260.35
-0.60,444.00,-301.28
0.04,443.68,-302.45
-0.28,426.88,-207.14
-0.77,436.15,-204.64
-1.45,444.85,-253.34
-0.20,445.73,-208.71
-2.34,441.83,-208.59
-2.09,446.10,-261.24
-1.81,445.21,-304.82
-0.36,440.74,-262.73
-0.81,438.76,-305.06
-1.09,431.03,-262.89
-0.85,454.76,-310.46
-0.68,469.74,-315.98
0.12,469.18,-312.52
0.73,462.05,-307.40
-0.40,456.53,-303.41
-1.61,438.12,-207.54
-2.70,437.27,-255.64
-1.41,437.44,-309.50
-0.56,437.60,-303.41
-2.42,437.68,-350.18
-0.52,444.89,-350.87
0.00,444.65,-306.19
0.73,445.41,-306.03
0.81,445.61,-263.17
-1.37,437.31,-216.04
-3.18,436.47,-263.77
-2.26,435.86,-309.58
-0.08,443.52,-354.85
0.00,452.94,-305.23
0.73,462.45,-305.79
1.17,462.65,-299.67
-0.44,453.27,-298.14
-0.56,452.82,-295.16
-2.09,444.73,-302.65
-2.50,445.13,-257.21
-2.90,444.16,-259.10
-0.28,451.33,-304.22
-2.26,444.44,-310.70
-2.50,444.65,-311.11
-1.97,435.99,-264.86
-1.25,435.66,-264.14
-0.73,435.62,-266.23
-0.44,435.70,-257.85
-0.68,434.98,-256.24
-0.85,435.99,-257.85
-1.13,444.77,-306.60
-1.65,453.79,-352.16
0.28,445.21,-300.39
-1.09,428.01,-252.29
-1.85,437.11,-297.29
-1.13,445.69,-306.64
-2.58,446.18,-309.78
-2.22,445.89,-351.63
-0.64,444.16,-299.75
-0.32,445.17,-299.75
-1.33,445.25,-302.29
-0.32,445.53,-351.95
-0.40,436.71,-263.25
-0.89,436.51,-217.77
-1.85,435.62,-263.49
-2.05,435.70,-259.34
0.32,435.82,-254.99
-2.18,432.68,-210.20
-1.17,447.22,-261.96
0.56,446.14,-265.26
-0.04,433.17,-207.82
-1.41,439.69,-256.60
-1.77,448.03,-298.98
-0.89,446.54,-304.58
-1.05,437.92,-212.45
-0.68,445.29,-257.77
-1.97,427.69,-205.61
-2.90,427.81,-253.86
-2.46,435.54,-301.96
-0.24,444.81,-351.31
0.12,450.37,-306.56
-0.24,455.97,-314.01
-0.12,454.88,-314.61
-1.05,435.02,-215.56
-2.34,440.46,-209.63
-2.38,441.26,-210.92
0.44,445.17,-214.02
-1.53,450.33,-267.84
-1.61,443.28,-218.78
-1.49,446.70,-263.29
-2.98,441.30,-260.03
-0.89,454.07,-356.26
-1.89,446.74,-299.83
-2.34,446.54,-250.40
-2.22,438.89,-258.46
0.24,438.08,-261.04
-1.77,428.85,-258.62
-3.34,437.07,-256.60
-3.50,445.21,-305.91
-2.22,444.65,-305.39
-2.14,435.38,-262.24
-0.93,443.84,-354.57
-1.49,428.25,-257.05
-1.41,446.26,-301.08
-0.64,460.07,-312.03
0.28,455.08,-261.36
0.00,445.13,-216.32
-1.85,440.17,-255.52
-2.66,437.31,-253.02
-2.98,444.77,-298.58
-1.33,453.43,-347.56
-0.52,448.75,-301.72
0.08,445.65,-260.83
-0.40,445.81,-259.95
-1.17,450.45,-308.37
-1.97,439.01,-254.27
-2.46,437.72,-255.23
-2.38,436.11,-253.99
-2.38,436.31,-304.18
0.00,444.73,-352.16
-0.40,445.01,-352.68
0.93,444.32,-258.82
-0.77,443.48,-256.89
-0.44,443.60,-305.39
0.32,443.28,-299.63
0.40,435.34,-256.20
-1.57,435.94,-259.71
-2.66,446.10,-307.60
-1.45,436.79,-256.60
-0.73,444.36,-304.58
-1.53,428.05,-255.03
-0.81,436.27,-302.20
-2.01,428.77,-256.85
-2.26,427.57,-255.07
-2.22,435.34,-307.97
-0.93,444.61,-308.13
-1.01,443.48,-351.11
-2.09,435.30,-259.18
-0.89,444.04,-260.39
-3.50,428.57,-256.85
-3.46,428.65,-212.53
-3.22,437.15,-309.01
-3.14,428.41,-258.34
-2.78,436.91,-256.16
-3.71,428.81,-205.04
-2.01,436.75,-306.43
-1.69,435.54,-300.15
-0.77,442.87,-311.39
-1.29,443.44,-312.44
-3.06,434.82,-218.62
-2.26,451.94,-301.60
-2.70,442.55,-309.58
-0.77,456.61,-352.60
-1.53,455.40,-353.77
-0.77,450.29,-347.12
-0.28,431.31,-259.10
0.08,445.85,-305.71
-0.93,444.16,-308.81
-0.24,452.26,-353.81
0.04,443.84,-256.56
0.00,453.15,-305.51
-1.57,453.51,-349.34
-1.21,453.51,-353.57
-2.90,436.91,-302.33
-3.79,436.15,-250.96
-3.83,444.44,-307.92
-1.21,437.56,-204.16
-0.44,437.76,-249.76
0.56,445.29,-262.40
0.60,445.57,-309.86
0.56,445.81,-306.51
-0.64,445.09,-300.83
-1.33,445.77,-305.10
-1.69,445.41,-350.22
-1.37,444.20,-312.28
-1.73,448.31,-318.24
-1.65,455.52,-319.73
-1.89,456.41,-359.69
-2.26,451.05,-353.77
0.12,455.84,-306.27
-0.28,454.35,-306.39
-0.97,453.67,-353.81
-1.33,444.32,-302.93
-2.58,427.57,-254.95
-3.67,428.65,-205.52
-1.57,438.20,-304.10
0.04,430.02,-252.09
0.81,437.19,-255.23
0.64,445.05,-249.39
-1.17,448.27,-253.50
-0.89,445.89,-206.65
-1.77,439.05,-215.56
-1.41,444.93,-257.13
-1.45,438.60,-254.03
0.36,436.15,-256.93
-1.93,426.28,-213.06
-1.45,434.70,-257.97
-1.37,436.87,-253.50
-1.09,452.38,-257.05
-3.02,450.12,-212.21
-0.44,456.89,-261.08
-0.44,451.21,-254.31
-1.45,455.80,-301.40
-1.29,454.35,-344.14
-1.21,445.21,-301.20
-2.42,428.53,-260.95
-2.42,437.92,-260.91
-2.26,445.65,-304.46
-1.69,437.44,-210.20
-1.73,437.15,-253.14
-2.58,436.47,-258.78
-1.21,451.66,-353.61
0.36,451.41,-303.09
-0.24,444.53,-256.77
-0.28,447.63,-310.62
0.20,453.27,-313.65
0.20,447.71,-265.22
-1.45,444.97,-258.70
-0.52,448.35,-348.09
-0.97,429.14,-252.37
0.44,437.72,-248.18
0.00,446.86,-298.66
1.13,466.84,-396.55
-0.04,465.11,-355.86
-0.73,452.94,-308.25
-1.49,442.67,-264.46
-0.68,445.37,-312.72
0.32,448.92,-306.92
-0.64,446.38,-304.46
-2.01,428.53,-212.01
-2.82,429.34,-212.29
-1.21,437.31,-305.83
-0.52,429.18,-260.79
-0.24,429.34,-220.67
-2.18,430.10,-217.25
-3.34,429.86,-261.16
-1.93,429.50,-207.10
-2.14,436.19,-255.48
-0.56,444.08,-301.76
-0.36,443.28,-301.92
-0.52,444.32,-301.04
-2.86,445.61,-304.54
-2.74,445.81,-303.78
-2.58,445.45,-298.98
-1.93,444.57,-303.41
-2.54,445.45,-306.84
-3.06,436.75,-303.74
0.00,445.21,-351.15
-1.05,439.89,-354.45
-1.81,456.13,-303.01
-3.18,455.00,-268.41
-0.81,451.94,-271.63
-0.08,437.19,-263.41
-0.04,440.46,-257.89
-0.64,446.46,-249.47
-0.28,444.97,-256.60
-1.17,436.95,-208.39
-1.45,436.75,-205.44
0.40,453.39,-301.24
-0.08,436.67,-301.40
-0.12,445.33,-350.34
-1.41,446.14,-350.99
-1.49,446.58,-354.45
-1.93,445.73,-354.65
-0.56,445.05,-306.64
-0.97,427.24,-213.62
-2.09,436.83,-214.51
-2.78,436.91,-257.85
-0.89,437.84,-203.87
-1.73,446.10,-297.73
-2.09,436.35,-298.62
-1.81,444.40,-301.36
-2.42,437.19,-262.28
-3.18,437.23,-264.10
-2.18,429.30,-256.52
-1.89,437.03,-254.11
-1.77,428.29,-203.71
-1.97,436.27,-248.47
-2.86,436.47,-204.84
-3.06,452.42,-305.99
-3.67,436.55,-306.51
-1.57,445.81,-351.07
-0.97,454.72,-349.62
-0.68,445.41,-259.58
-0.36,444.81,-258.98
0.56,444.04,-270.99
0.44,451.45,-315.18
0.44,451.78,-354.98
1.01,443.80,-305.75
-0.68,435.62,-255.76
-2.54,436.59,-256.64
-0.40,453.47,-349.46
-0.12,446.22,-354.25
-0.56,445.98,-350.99
-1.69,445.65,-351.71
-1.09,444.24,-353.57
-2.30,427.40,-256.32
-1.57,443.64,-258.13
-3.10,444.77,-251.65
-0.52,444.73,-206.73
-0.48,437.40,-210.72
-1.25,437.72,-253.22
-1.89,437.96,-300.79
-0.73,451.94,-300.19
-3.59,459.55,-311.31
-1.01,469.74,-311.87
-1.29,457.34,-315.26
-1.13,449.40,-269.05
-1.97,439.01,-223.29
-0.73,437.96,-217.17
-0.77,438.36,-212.21
-1.01,453.95,-301.36
-2.09,452.66,-347.36
-1.17,452.38,-347.76
0.56,452.54,-305.43
-0.32,444.89,-256.24
-0.36,444.32,-254.83
-1.25,436.23,-251.57
-1.37,444.61,-295.80
-0.89,453.15,-296.93
-0.08,444.97,-256.68
-2.30,429.10,-216.28
-4.03,429.34,-216.04
-3.71,435.86,-301.92
-2.22,443.07,-351.83
0.16,444.12,-299.34
-0.36,426.96,-204.68
-1.45,436.03,-256.81
0.00,453.31,-310.38
0.85,462.73,-313.89
-1.13,453.47,-263.81
-0.16,443.76,-248.47
-1.77,443.40,-295.68
-1.61,435.62,-249.39
-1.69,444.53,-301.56
-3.30,428.33,-215.35
-1.41,436.71,-265.71
0.32,436.23,-263.61
1.05,443.48,-307.32
-0.77,443.24,-303.94
-0.73,443.40,-308.61
-0.85,435.82,-208.95
-0.97,444.00,-249.31
-0.89,444.53,-298.34
-0.93,444.81,-301.48
-2.54,429.66,-260.03
-3.75,429.02,-254.27
-2.58,427.65,-255.64
-1.81,428.33,-249.19
-1.05,429.42,-252.09
-0.08,438.64,-262.57
0.00,445.57,-306.76
0.36,461.93,-351.87
-0.60,446.54,-307.68
-0.36,445.09,-307.04
-1.41,444.24,-305.10
-2.86,453.59,-303.82
-2.38,454.88,-353.16
-1.25,454.43,-352.72
-0.52,453.31,-303.21
-0.16,451.57,-351.11
0.16,435.82,-259.06
-0.24,445.73,-305.91
-0.52,438.36,-301.36
-1.09,438.12,-256.32
-2.09,445.01,-302.49
-2.98,436.91,-254.43
-1.09,441.10,-255.11
-0.16,456.21,-261.88
0.52,458.26,-263.05
-1.09,445.85,-255.68
-2.18,433.17,-247.66
0.32,448.27,-245.77
-0.85,439.25,-256.52
0.97,452.06,-311.27
-0.28,455.72,-310.26
-1.13,452.58,-258.74
-3.42,431.31,-260.87
-3.34,431.03,-259.34
-1.93,438.97,-351.31
-0.85,429.02,-252.90
0.60,435.10,-253.54
0.60,444.16,-252.70
0.73,445.29,-258.13
0.44,445.09,-258.74
0.68,445.17,-257.49
0.12,453.95,-305.06
-1.29,445.65,-297.13
-2.14,445.65,-298.14
-2.58,437.40,-251.29
-0.16,445.49,-300.19
-0.28,445.49,-303.70
-0.85,437.44,-256.20
-2.34,436.27,-251.00
-1.33,440.42,-205.08
-0.81,447.26,-210.72
-3.06,450.04,-265.99
-3.91,452.50,-311.83
-2.62,456.21,-310.30
-3.75,438.08,-214.02
-1.77,438.16,-258.38
-0.77,428.65,-257.21
0.12,436.59,-255.31
-0.85,444.89,-258.18
-0.04,453.23,-309.86
0.12,453.07,-312.40
-1.29,452.94,-307.16
-0.64,453.31,-307.08
-1.33,436.79,-259.83
-0.68,436.31,-261.64
-1.97,436.39,-252.09
-1.37,443.88,-345.67
-2.70,435.50,-298.30
-1.73,443.64,-302.81
-1.45,444.08,-306.96
-1.85,435.42,-214.27
-0.08,452.78,-304.46
-0.85,438.24,-256.00
-1.37,429.30,-258.18
-2.58,427.32,-253.38
-2.50,435.70,-304.18
-0.52,444.57,-311.67
0.36,445.61,-303.82
0.00,437.40,-257.93
-2.26,429.38,-213.14
-2.62,444.97,-312.19
-2.94,444.12,-303.53
-1.21,444.89,-299.43
-2.58,437.19,-202.75
-2.18,452.34,-302.33
-2.05,452.90,-350.06
-1.21,445.13,-298.94
-1.33,437.35,-250.12
-2.54,437.07,-254.43
-2.42,445.17,-354.13
-2.01,445.21,-352.48
0.44,453.39,-302.77
-0.40,436.75,-205.85
-1.29,437.60,-258.09
-1.61,437.31,-307.24
-0.16,436.87,-264.50
-1.21,441.18,-308.13
-1.69,440.46,-264.70
-1.01,464.26,-322.06
-1.81,462.85,-318.52
-0.16,457.38,-356.63
-0.12,442.87,-260.47
-0.12,440.01,-211.08
-1.29,438.72,-256.77
-1.05,436.55,-302.69
0.52,444.93,-348.01
-0.85,444.73,-306.11
-2.30,444.89,-303.57
-2.38,444.32,-350.71
-0.73,443.92,-305.10
0.12,443.64,-299.10
-1.25,444.00,-290.76
-0.68,444.12,-296.85
-1.33,436.91,-204.07
-1.29,437.72,-212.13
-2.86,438.08,-263.01
-3.26,445.45,-306.51
-1.13,446.02,-308.49
-2.78,442.59,-261.76
-0.36,439.21,-216.28
-1.85,444.04,-223.77
-2.14,455.44,-274.85
-1.33,462.33,-312.03
1.21,464.10,-352.84
0.73,449.32,-259.54
-0.24,446.74,-259.99
-0.48,445.37,-310.02
-0.64,444.97,-351.27
-1.21,445.65,-299.55
-3.59,448.80,-309.38
-3.38,447.67,-217.69
-3.99,452.58,-268.73
-2.70,448.75,-315.05
-2.70,442.19,-259.99
-1.53,456.05,-304.74
-1.85,455.08,-353.77
-0.89,447.34,-358.68
-0.73,439.41,-315.82
-3.10,438.56,-308.57
-2.22,446.06,-306.39
-0.68,445.85,-310.26
-0.64,445.65,-263.09
-2.14,437.76,-211.37
-1.37,437.88,-204.24
-1.57,437.23,-200.73
0.97,453.31,-299.99
-0.44,437.40,-252.25
0.28,445.41,-299.06
0.36,445.21,-301.40
-0.28,445.85,-305.59
0.08,446.42,-304.22
0.44,444.97,-305.67
-1.41,428.69,-211.08
-2.34,437.92,-205.12
-3.06,445.98,-259.91
-0.16,445.45,-254.47
-1.65,444.89,-298.50
-0.40,445.21,-299.22
-1.05,444.08,-299.22
-1.65,436.67,-257.77
-4.03,437.56,-256.28
-1.61,445.81,-301.40
-0.20,445.57,-301.88
0.28,437.68,-257.01
-0.40,438.40,-258.05
-1.37,445.57,-310.42
-1.33,437.03,-260.87
-1.81,453.31,-351.51
-0.20,452.38,-348.65
-0.77,443.36,-345.55
-1.05,435.46,-305.19
-3.63,430.71,-262.77
-1.29,436.07,-267.08
-1.81,440.78,-263.57
-1.57,456.29,-262.61
-2.78,444.12,-217.85
-1.01,440.13,-210.48
-2.14,438.00,-212.25
-1.45,453.67,-298.62
-1.85,437.52,-253.38
-0.48,437.48,-253.66
-0.64,450.25,-256.56
-1.61,465.35,-308.89
-3.18,450.49,-224.58
-2.30,453.47,-320.90
-1.81,449.64,-315.30
-1.25,446.82,-306.19
-3.42,428.73,-215.43
-3.38,444.77,-309.86
-3.02,436.87,-303.09
-2.01,445.45,-348.61
-2.86,446.34,-354.29
-0.56,445.61,-308.33
-0.89,453.35,-353.44
-0.12,452.94,-308.65
-1.37,453.23,-310.30
-1.29,445.25,-262.81
-1.09,436.31,-257.33
-1.05,437.44,-256.40
-1.17,437.03,-263.53
-0.89,437.48,-263.25
-1.05,441.79,-271.87
-0.85,457.46,-317.43
-0.52,457.66,-316.95
0.64,455.24,-310.02
-0.89,432.80,-212.86
-1.85,438.48,-213.38
-2.34,446.90,-261.24
-0.04,454.23,-306.96
-1.25,453.31,-300.79
-3.26,453.35,-299.59
-4.23,437.19,-305.87
-2.78,445.77,-354.45
-2.70,445.57,-346.72
0.00,453.27,-347.93
0.00,453.91,-400.70
-0.73,451.70,-404.12
0.77,452.38,-311.43
-0.89,448.47,-210.20
-1.97,452.30,-255.23
-1.33,445.53,-301.52
0.73,448.92,-353.32
0.64,446.22,-303.61
0.12,445.09,-304.14
-1.13,428.49,-252.29
-1.01,449.84,-254.55
-3.46,444.12,-213.46
-2.86,443.64,-259.46
-2.22,440.26,-316.02
-1.49,447.18,-311.87
-1.77,437.88,-259.83
-1.13,445.53,-299.67
-2.54,438.04,-201.86
-2.98,451.17,-305.19
-2.86,458.06,-362.91
-0.85,469.78,-364.68
-0.08,468.45,-314.41
-1.37,452.66,-264.90
-1.49,440.34,-262.40
-2.46,429.42,-257.09
-2.30,445.77,-302.77
-2.70,437.44,-261.48
-3.14,428.25,-259.26
-3.67,428.73,-207.34
-2.14,437.72,-307.44
-2.98,428.37,-256.85
-2.22,444.53,-304.10
-1.21,453.11,-303.74
-0.08,445.41,-254.51
-1.17,437.84,-255.64
-0.48,437.56,-256.00
-0.81,437.88,-212.17
-1.29,437.84,-252.86
-1.41,437.07,-260.51
-0.60,436.51,-259.22
-0.89,436.63,-252.86
-0.52,444.93,-302.77
-1.01,444.04,-304.66
0.85,443.68,-302.00
-0.16,427.77,-213.66
-1.33,436.59,-211.45
-1.49,436.63,-208.55
-0.89,436.63,-210.12
-2.01,434.70,-208.18
-1.81,456.21,-305.87
-2.50,454.35,-315.66
-1.41,459.99,-320.37
-2.58,453.39,-274.09
-2.34,463.74,-366.05
-1.97,441.99,-273.72
-0.85,443.96,-267.92
-1.01,439.53,-262.57
-1.05,446.14,-306.96
-1.73,437.31,-212.66
-1.05,453.35,-303.90
-2.50,436.51,-303.65
-1.41,445.01,-304.98
-2.98,444.08,-302.33
-0.85,453.51,-302.73
-0.60,445.29,-296.69
-0.77,445.89,-296.48
-2.70,446.62,-304.90
-2.01,443.84,-316.55
-2.14,443.52,-225.42
-1.69,442.99,-216.68
-1.09,436.71,-211.93
-3.34,432.08,-261.68
-3.54,429.38,-260.35
-1.69,437.15,-354.05
-1.49,436.55,-309.38
-1.57,444.24,-307.97
-0.64,443.92,-303.45
-0.68,445.09,-304.58
-0.81,429.26,-212.82
-0.81,436.71,-260.07
-0.56,436.35,-205.73
-0.56,434.90,-199.89
-1.53,426.88,-250.16
-1.49,428.01,-246.53
-0.85,445.69,-255.19
-3.91,437.23,-207.30
-3.38,436.47,-260.79
-2.42,435.82,-306.92
-1.85,436.63,-259.10
-1.61,437.52,-255.27
-1.49,437.96,-305.06
0.40,449.88,-355.62
-0.36,453.95,-311.15
-1.33,457.05,-311.99
-1.61,453.31,-358.84
0.24,448.75,-309.50
0.32,437.40,-258.66
0.08,446.90,-259.71
-0.08,445.89,-255.80
-2.78,435.22,-205.00
-2.30,435.18,-256.68
-1.65,434.21,-247.70
-1.69,426.60,-194.81
-1.45,435.74,-254.35
-2.42,429.30,-213.98
-1.41,436.99,-304.42
-1.25,431.39,-255.07
-1.29,452.42,-306.43
-1.77,448.35,-268.77
-0.89,447.34,-269.78
-1.17,441.87,-211.53
-0.20,439.09,-203.95
-1.49,437.40,-252.94
-2.34,437.27,-258.30
-0.77,437.11,-258.01
-1.09,438.00,-258.62
0.60,445.37,-356.99
-2.01,430.31,-267.28
-1.89,445.85,-309.78
-3.30,445.05,-305.63
-2.66,443.16,-301.92
-2.58,442.59,-292.86
-1.33,452.22,-302.53
-2.46,453.43,-308.81
-2.70,436.91,-258.62
-1.73,435.66,-258.86
-2.46,435.90,-263.77
-0.56,444.08,-352.28
-0.64,437.19,-259.46
-1.09,436.59,-203.51
-2.62,436.15,-248.35
-0.77,453.35,-344.30
1.37,444.65,-294.27
-0.97,428.57,-254.51
-1.45,435.38,-297.05
0.56,443.36,-339.55
-0.04,435.82,-248.79
-1.37,428.73,-246.13
-0.20,429.22,-246.45
-0.16,430.22,-200.65
-1.41,437.15,-203.91
-1.33,445.89,-255.23
0.64,444.61,-209.19
-1.61,436.43,-216.76
-1.81,436.63,-261.96
-2.26,438.12,-305.71
-1.09,446.66,-354.05
-1.21,445.29,-355.22
-1.01,445.13,-355.06
-1.45,430.31,-260.55
-0.77,452.62,-305.75
-2.30,457.05,-316.34
0.08,462.93,-360.49
-0.77,449.92,-265.10
-0.68,447.71,-260.55
-1.49,437.48,-270.30
-0.16,436.55,-259.67
0.00,436.75,-255.52
-1.21,428.05,-206.13
-2.26,435.99,-307.12
-0.97,430.63,-267.04
0.52,440.86,-266.76
-0.97,440.01,-262.65
-2.54,447.14,-296.81
-1.73,438.12,-246.09
-1.57,437.31,-257.93
-1.45,428.53,-217.69
-1.37,435.58,-264.78
-2.54,427.61,-208.18
-2.70,436.31,-300.39
-1.53,444.04,-350.22
0.00,443.76,-304.46
0.48,427.28,-214.47
-1.53,421.12,-161.82
-0.77,437.92,-211.25
-1.25,437.35,-255.80
0.08,445.45,-299.51
0.36,445.13,-307.56
-0.81,436.83,-218.78
-3.75,429.66,-259.30
-2.34,428.53,-265.91
-1.85,429.02,-215.80
-1.89,438.12,-212.61
-3.91,437.88,-206.98
-3.59,436.87,-211.61
-1.89,444.28,-304.86
-1.57,453.67,-347.20
-1.77,445.37,-300.75
-0.60,445.65,-297.81
-1.85,436.19,-257.65
-1.21,427.57,-205.28
-1.41,435.10,-251.53
-1.81,435.82,-244.88
-1.93,444.97,-348.17
-1.29,445.17,-349.98
0.28,453.15,-307.97
-0.52,436.35,-209.51
-1.73,437.11,-255.52
-1.77,436.55,-256.93
-2.34,428.73,-260.23
-3.06,436.47,-306.35
-0.97,453.07,-351.87
-1.49,444.85,-261.84
-2.86,437.07,-259.46
-1.41,428.94,-266.63
0.28,436.79,-263.17
-0.56,435.34,-258.70
0.85,451.90,-351.95
0.00,453.23,-300.47
-0.24,445.29,-205.85
-1.69,445.98,-253.38
-1.29,437.68,-259.54
-1.17,428.73,-260.99
-2.26,436.35,-306.39
-2.86,444.20,-351.55
-1.21,452.10,-346.31
-1.93,444.81,-299.10
-1.69,444.57,-251.09
-1.77,437.23,-214.63
-0.08,436.79,-213.10
-0.77,436.75,-223.37
-1.33,444.57,-314.69
-1.09,443.76,-358.16
-0.08,442.63,-300.35
-0.48,436.03,-257.05
-0.64,444.40,-257.49
-0.48,453.07,-351.27
-0.12,453.19,-347.85
0.04,452.94,-300.19
-1.37,436.91,-207.30
-1.49,437.48,-256.81
-1.57,437.72,-252.41
0.12,445.94,-301.80
-0.85,444.73,-256.97
-1.17,444.36,-301.56
-1.81,428.49,-261.68
-0.36,437.72,-263.69
-1.37,437.23,-308.93
-2.05,428.85,-257.29
-1.25,445.13,-304.10
-1.65,437.03,-249.88
-1.41,436.79,-253.42
-1.17,436.43,-203.83
-0.12,436.47,-208.99
-1.33,428.94,-256.72
-0.68,427.53,-255.40
-0.08,435.82,-257.61
-1.17,436.35,-247.98
-2.38,445.29,-348.97
-1.41,444.20,-353.24
0.00,452.74,-309.54
-0.04,445.33,-216.56
-1.05,445.29,-254.23
-1.65,437.44,-303.65
0.77,440.62,-303.17
-1.13,435.14,-259.26
-0.60,434.25,-258.54
-1.21,429.78,-257.65
-1.05,444.36,-262.49
-2.34,436.99,-216.20
-2.70,437.60,-216.16
-3.06,445.69,-304.54
-0.89,454.39,-303.05
-1.85,455.36,-306.19
-3.83,438.97,-300.19
-2.82,447.83,-348.21
-1.53,452.10,-361.66
-0.32,450.00,-276.42
-1.53,441.95,-277.19
0.00,444.20,-272.80
1.41,449.08,-263.29
-0.24,431.76,-215.39
-0.48,438.36,-208.39
-0.89,437.80,-258.34
-0.08,445.05,-301.88
-0.08,444.32,-299.43
-1.13,444.32,-255.92
-0.97,444.57,-303.74
-1.17,444.44,-306.15
-0.81,444.93,-309.13
-1.21,453.47,-306.47
-1.13,452.66,-304.70
-2.22,444.93,-213.54
-1.73,453.63,-299.22
-1.73,446.42,-301.88
-0.12,446.74,-259.10
-1.13,454.64,-300.71
-2.46,447.06,-306.51
-2.09,457.05,-304.94
-3.34,450.49,-255.68
-1.09,439.85,-211.20
-1.25,437.52,-262.73
0.04,445.49,-266.80
0.52,445.57,-261.52
1.37,445.89,-258.70
-0.08,444.77,-256.77
-1.73,453.79,-298.46
-2.94,453.19,-343.17
-1.85,446.02,-349.90
-0.52,444.69,-342.89
-2.66,435.99,-307.64
-2.22,435.74,-305.31
-0.93,429.02,-257.33
-0.64,434.41,-210.84
-0.12,448.96,-266.03
-0.24,448.27,-265.99
0.64,442.95,-260.51
-1.21,439.45,-260.03
-0.20,446.54,-300.75
0.08,445.69,-303.78
-0.64,445.29,-302.73
-1.53,444.89,-302.37
-0.64,445.45,-347.48
-1.41,437.76,-256.64
-0.48,454.80,-303.86
-2.01,437.60,-259.14
-0.32,436.47,-261.96
-2.22,436.47,-261.40
-0.89,444.57,-307.08
-1.21,445.37,-307.12
-0.93,445.45,-309.62
-0.89,453.51,-300.67
-0.89,453.75,-302.77
-0.97,444.93,-258.98
-2.09,435.70,-257.97
-3.42,435.99,-259.42
-3.50,445.13,-306.39
-2.42,444.97,-307.32
-2.18,435.78,-219.02
-0.64,445.01,-310.14
-0.12,444.44,-353.36
1.57,444.36,-308.97
-0.44,428.01,-210.92
-1.41,437.15,-257.69
-2.78,446.38,-307.72
-0.68,451.13,-312.60
-2.38,447.39,-223.25
-2.22,468.09,-311.79
-3.79,459.51,-317.67
-2.86,445.81,-312.64
-1.65,432.12,-260.79
-0.68,429.86,-253.10
-1.41,428.21,-251.33
-1.29,428.98,-257.61
-0.64,437.68,-255.07
-1.25,437.11,-250.80
-0.08,444.44,-301.12
-1.61,427.69,-211.77
-1.89,436.23,-260.43
-1.73,445.05,-299.67
-2.86,437.31,-301.24
-3.75,428.45,-258.90
-4.47,436.63,-355.42
-1.53,444.61,-352.96
-0.68,444.93,-304.86
-0.85,444.24,-263.94
-2.01,435.66,-262.89
0.00,444.57,-309.74
-2.34,436.75,-351.51
-1.33,444.73,-344.18
-1.13,445.98,-303.45
-1.93,452.86,-306.84
-2.58,436.23,-310.34
-1.05,445.61,-312.84
-2.18,445.61,-307.40
-0.97,445.94,-255.84
-2.78,438.48,-251.37
-1.21,436.99,-252.50
-1.33,443.72,-298.50
-0.85,443.20,-298.34
-2.01,435.42,-215.60
-0.77,452.62,-310.30
-1.81,445.65,-308.77
0.77,454.31,-302.16
-0.36,453.67,-348.77
-0.64,446.46,-306.80
-1.29,458.70,-356.87
-1.49,454.19,-319.69
-1.57,452.90,-314.53
-1.13,442.35,-220.79
-0.81,440.21,-218.13
-2.01,439.13,-266.03
-2.58,437.27,-315.18
-1.53,435.82,-312.28
-2.66,435.82,-356.47
-0.36,444.81,-346.88
0.77,453.55,-300.35
-0.36,435.99,-210.80
-1.61,436.99,-256.48
-1.81,437.68,-303.09
0.52,445.17,-349.98
-0.44,444.61,-299.59
-0.36,451.82,-300.79
-2.01,435.82,-251.49
0.24,444.69,-255.15
-1.89,438.40,-210.32
-0.20,446.14,-262.73
0.93,436.87,-257.13
-0.36,428.61,-208.51
-1.69,436.43,-255.72
-1.05,452.74,-352.68
0.24,449.36,-308.85
-0.56,445.13,-260.83
-0.85,444.77,-213.86
0.36,449.60,-310.10
-0.73,430.18,-254.19
-0.40,445.21,-256.32
-2.74,436.75,-203.51
-1.05,435.58,-201.50
-1.85,427.73,-211.29
-2.46,437.27,-258.05
-3.06,445.25,-307.36
-2.38,436.11,-300.07
-2.18,430.39,-259.26
-2.70,445.37,-355.70
-0.89,459.79,-362.03
0.00,458.62,-317.51
-0.24,435.50,-213.30
-0.81,439.37,-255.36
-1.73,446.78,-303.17
0.12,454.11,-350.02
0.44,446.42,-257.61
-0.44,437.35,-206.85
-3.14,439.25,-262.40
-3.71,444.16,-311.31
-1.61,457.98,-313.04
-3.02,454.76,-306.31
-0.97,449.20,-264.98
0.00,446.22,-306.27
-0.68,436.31,-261.44
0.16,454.15,-309.09
0.44,454.15,-310.30
-0.24,445.21,-217.81
-2.86,453.11,-309.50
-2.18,453.91,-353.08
-0.36,445.65,-306.60
-1.01,446.54,-305.31
-0.48,453.43,-302.57
0.00,457.54,-310.91
-2.94,445.05,-262.97
-3.06,439.65,-260.75
-2.18,445.41,-302.29
-2.30,437.60,-257.25
-1.45,437.92,-260.71
-1.65,436.83,-209.92
-1.01,452.94,-301.08
-2.09,438.16,-252.25
-1.05,438.40,-252.25
-3.46,428.85,-208.14
-1.93,436.83,-303.25
-3.50,427.93,-260.95
-2.01,444.69,-306.23
-2.86,444.93,-312.68
-0.40,445.69,-312.76
-2.30,441.38,-258.74
-2.70,446.46,-262.32
-1.77,454.31,-313.04
-0.52,448.63,-309.33
0.24,454.11,-352.88
0.48,437.88,-251.81
-0.40,429.94,-203.11
-1.97,438.24,-207.18
-3.63,437.15,-253.66
-1.93,444.04,-303.78
-2.94,436.55,-307.68
-1.61,446.02,-311.51
-1.01,439.09,-314.13
0.28,437.48,-309.25
-2.30,428.49,-262.85
-1.93,428.65,-263.33
-3.06,429.74,-266.55
-2.34,446.74,-259.75
-2.30,445.77,-257.73
-0.28,453.83,-298.30
-0.85,453.39,-297.85
-2.05,452.46,-301.04
-2.18,436.15,-258.13
-0.81,435.70,-255.68
-0.77,436.51,-252.58
-0.89,450.08,-348.09
-2.42,439.17,-263.69
-1.25,454.52,-312.40
-1.93,449.68,-306.15
-2.22,439.29,-300.43
-1.93,436.91,-303.25
-1.05,445.77,-307.12
-1.41,454.76,-304.54
-2.18,437.56,-254.15
-0.77,437.52,-255.44
-1.13,439.73,-259.58
0.64,461.32,-360.45
-0.93,444.85,-260.67
-0.97,449.48,-257.25
-1.17,446.90,-257.73
0.73,445.37,-209.11
-1.73,436.43,-205.52
-0.77,435.78,-258.54
-0.77,436.03,-300.07
0.32,444.12,-347.64
0.20,453.95,-343.33
0.36,458.34,-354.45
0.64,445.41,-265.51
-0.48,435.42,-209.96
-2.18,439.53,-251.00
-2.50,437.64,-256.28
-1.05,437.15,-255.40
-0.56,436.87,-213.78
-0.48,437.15,-215.80
-0.68,437.80,-260.55
-0.89,437.44,-304.10
-0.24,445.61,-340.11
-0.81,446.02,-346.52
-0.36,445.57,-354.01
-0.64,429.06,-258.74
-1.01,428.61,-214.06
-2.42,436.59,-255.23
-2.42,435.62,-260.27
-1.09,428.45,-261.20
-0.89,428.61,-259.10
-1.49,436.39,-307.97
-0.48,443.76,-303.82
-0.52,444.65,-303.33
-1.81,428.25,-211.77
-3.14,436.95,-266.76
-3.14,437.48,-262.12
-2.30,437.40,-309.46
-1.49,437.96,-258.74
-0.97,437.35,-207.10
-1.49,438.08,-258.42
-1.57,437.72,-297.41
0.16,437.03,-254.43
-1.61,445.37,-307.44
-2.54,444.97,-309.90
-2.18,443.84,-314.29
-1.09,443.20,-356.47
-1.25,428.13,-261.08
-0.28,444.69,-258.66
-2.62,437.07,-254.83
0.00,444.97,-301.64
-0.89,444.89,-353.93
-1.09,445.94,-260.19
-2.26,459.07,-308.85
-3.34,447.91,-257.73
-2.05,448.15,-257.77
-0.48,454.23,-259.95
-0.68,456.69,-307.36
-0.56,453.87,-305.87
0.04,452.78,-302.61
-0.77,435.86,-206.65
-2.66,436.79,-259.54
-3.06,437.19,-261.32
-3.02,428.94,-261.96
-2.62,429.94,-213.42
-1.81,438.20,-301.56
-1.33,437.35,-299.63
0.56,453.95,-301.12
-1.21,454.72,-299.06
-1.41,453.55,-309.05
-0.12,452.18,-310.58
-0.89,435.86,-218.05
-2.82,437.44,-264.66
-2.01,453.87,-351.59
-1.25,443.92,-341.88
-1.69,445.13,-347.68
-1.01,454.11,-349.09
-0.85,445.25,-255.11
-0.97,444.12,-254.19
-1.13,436.15,-247.14
-1.65,444.16,-298.18
-1.37,452.46,-302.41
-0.16,443.84,-257.25
-2.54,429.14,-208.06
-2.38,436.91,-300.83
-0.24,444.97,-297.45
0.24,453.35,-301.36
-1.29,437.44,-301.48
-1.25,444.61,-351.23
-2.54,444.24,-345.87
-0.04,444.04,-290.48
-1.53,428.81,-203.19
-1.45,436.59,-262.16
-2.05,444.24,-310.99
-1.09,436.31,-304.46
-1.05,437.35,-308.09
1.37,446.06,-353.28
-0.52,437.68,-262.93
-0.93,428.05,-261.28
-0.81,428.45,-261.96
-1.49,429.34,-212.86
-3.38,436.43,-254.91
-3.91,436.19,-249.80
-2.14,435.62,-250.68
-2.42,428.05,-204.80
-2.50,445.05,-300.07
-2.94,445.85,-299.02
-2.26,439.45,-302.69
-1.57,443.40,-299.83
-0.44,457.29,-352.92
1.45,463.66,-360.90
0.44,443.03,-262.45
-0.56,431.92,-204.16
-1.73,438.16,-247.90
-1.65,437.52,-257.73
-1.49,428.85,-266.43
-1.81,428.61,-211.41
-1.09,435.62,-252.82
-1.81,434.86,-253.86
-1.49,442.75,-306.15
-0.56,444.16,-261.32
-0.97,445.37,-261.24
-1.53,436.23,-260.71
-0.48,427.53,-250.24
0.20,444.04,-301.92
0.48,452.26,-301.16
0.32,443.80,-304.34
-0.12,444.65,-304.42
-2.18,437.23,-301.20
-2.14,444.57,-298.46
-2.09,436.07,-258.05
-1.85,428.57,-264.10
-2.62,429.46,-263.05
-2.86,436.91,-356.26
-2.46,427.73,-265.55
-1.61,443.72,-306.39
-0.56,452.70,-301.48
0.52,444.77,-258.70
-0.40,436.99,-211.37
-1.89,437.52,-214.23
-0.64,456.61,-309.50
-1.97,443.76,-309.74
-1.01,452.70,-307.48
-3.14,440.42,-261.12
-2.01,438.40,-261.28
-0.44,429.82,-266.63
-0.56,430.26,-220.59
-2.14,442.83,-268.41
-2.54,458.06,-309.94
-1.41,459.91,-307.48
-1.21,447.63,-211.25
-1.01,442.39,-207.90
-2.09,430.51,-253.95
-0.85,429.30,-256.40
0.32,437.31,-257.33
0.36,444.77,-260.71
-0.44,452.46,-311.19
-0.16,452.50,-309.09
-1.29,445.09,-306.35
-1.93,445.33,-305.55
-2.74,437.11,-301.96
0.24,436.27,-306.76
-2.38,428.09,-264.10
-2.09,432.80,-269.05
-2.42,445.01,-315.30
0.48,461.12,-310.91
-0.89,456.65,-350.95
-0.40,446.78,-303.01
-1.21,437.35,-256.40
-1.69,436.83,-259.30
-2.01,435.58,-254.99
-2.30,428.29,-251.93
-3.02,428.37,-202.46
-2.26,437.64,-299.63
-1.37,444.85,-348.13
0.08,445.17,-303.05
-0.93,429.46,-213.86
-1.89,437.19,-265.59
-2.30,436.63,-259.54
-1.65,439.05,-256.20
-1.13,454.84,-311.83
-0.36,466.32,-318.84
-2.18,461.32,-309.94
-2.74,457.25,-354.61
-0.60,455.40,-354.45
-1.13,445.61,-307.32
0.08,453.11,-353.24
0.04,447.22,-257.85
0.00,463.42,-310.54
-1.01,466.60,-361.66
-0.89,454.68,-361.58
0.24,441.02,-307.12
-1.21,446.82,-351.95
-1.33,445.53,-306.92
-0.08,444.57,-304.14
0.12,436.83,-256.04
-0.77,444.08,-343.82
-0.93,444.20,-344.66
-0.20,452.06,-343.33
0.44,444.36,-299.55
0.89,452.38,-346.35
1.05,447.63,-248.39
-0.36,442.63,-202.14
-1.73,442.11,-256.40
-2.05,438.56,-266.35
-1.17,445.65,-267.60
-3.79,445.33,-262.20
-1.49,453.15,-304.34
0.24,445.41,-308.29
0.52,437.72,-262.00
0.00,445.81,-304.98
-0.16,461.20,-352.40
-0.60,452.90,-302.29
0.52,444.65,-207.94
-0.81,455.32,-304.10
-0.73,456.01,-353.16
-0.44,446.94,-301.92
-0.32,446.02,-250.64
-2.01,444.16,-298.62
0.20,443.60,-255.84
-0.68,435.78,-216.76
-2.46,437.44,-261.04
-2.66,444.77,-304.02
-1.41,445.49,-299.75
-0.93,436.71,-207.62
-1.25,445.53,-259.58
-1.93,445.65,-313.44
-1.69,445.41,-354.69
-2.22,444.28,-353.08
-1.41,452.58,-345.39
-0.89,452.90,-300.96
-0.32,453.51,-306.76
-0.32,454.64,-302.65
-0.85,453.99,-302.33
-1.93,437.11,-247.06
-2.46,428.21,-248.63
-2.18,427.77,-256.04
-2.38,436.63,-306.07
-1.29,445.33,-309.05
0.24,445.61,-310.87
0.52,445.13,-265.43
-2.74,436.39,-216.64
-2.38,437.92,-265.26
-0.93,444.28,-257.81
-1.01,450.61,-218.21
-2.09,448.27,-263.41
-1.93,451.17,-308.49
0.20,448.27,-261.64
0.00,446.34,-310.30
-2.14,436.95,-355.30
0.40,436.59,-304.54
-0.12,428.69,-211.65
-0.77,437.27,-214.02
-1.61,437.03,-210.76
-0.36,444.48,-254.83
-0.93,443.03,-259.42
-1.25,451.90,-310.99
-1.73,436.27,-258.70
-1.09,428.69,-259.06
-2.66,428.98,-261.76
-2.70,436.75,-302.97
-0.77,444.24,-300.19
0.85,444.69,-304.86
-0.60,429.34,-207.22
-1.97,438.40,-256.93
-2.50,445.45,-298.66
0.64,452.18,-339.14
-0.04,447.43,-248.47
0.56,462.61,-305.75
-0.73,448.15,-271.39
0.04,453.79,-315.22
-0.08,458.22,-301.28
-0.36,455.00,-305.87
-1.29,446.38,-257.45
-1.09,446.70,-298.50
-0.48,438.04,-243.51
-1.29,447.34,-288.75
-1.93,442.51,-213.54
-2.30,463.02,-312.76
-3.18,454.35,-304.46
-1.77,450.12,-301.04
-3.38,433.57,-214.83
-1.73,444.12,-264.18
-1.17,443.40,-256.16
-0.48,448.80,-299.91
-0.60,454.88,-346.88
-0.32,445.17,-301.40
-1.01,436.15,-253.54
-2.14,435.70,-211.45
-0.60,452.06,-306.47
-3.18,435.38,-305.39
-2.38,435.78,-302.00
-2.22,436.59,-347.48
0.00,428.09,-248.67
0.93,444.93,-298.02
1.49,445.25,-252.78
0.04,446.50,-253.62
0.56,437.68,-252.13
-1.21,437.27,-293.62
-0.93,436.59,-292.29
0.36,445.53,-295.44
-0.64,437.48,-206.29
-2.78,428.65,-255.76
-1.61,445.21,-349.78
-0.08,445.05,-303.45
-1.41,427.36,-204.24
-1.89,436.75,-198.19
-1.69,445.33,-250.88
-0.16,453.71,-299.22
0.00,452.98,-308.21
1.81,453.91,-307.72
1.21,445.41,-259.22
0.16,452.34,-306.76
-0.68,435.74,-261.56
0.12,444.69,-257.17
-2.46,445.57,-256.93
0.77,437.31,-217.37
0.81,436.07,-258.13
1.65,445.01,-257.65
0.40,444.81,-266.84
-0.68,436.75,-220.07
-1.37,437.35,-216.72
-0.32,453.39,-307.24
-1.85,435.62,-265.87
-2.22,427.28,-216.32
-4.35,439.09,-260.91
-2.70,453.59,-312.24
-0.60,455.20,-363.84
-0.52,442.35,-261.48
-1.21,439.29,-211.49
-1.61,438.44,-261.12
-0.97,438.64,-308.49
0.89,438.20,-305.95
-1.65,437.15,-303.05
-1.93,428.61,-208.10
-2.26,436.51,-255.68
-0.16,444.93,-254.79
-0.20,445.45,-258.05
-1.85,436.63,-262.81
-2.94,437.48,-261.80
-1.61,452.86,-306.72
-1.85,452.54,-354.29
-0.28,444.32,-302.53
-1.13,428.05,-255.11
-1.65,428.41,-213.74
-2.30,437.44,-309.42
-1.77,437.64,-305.55
-0.77,445.85,-307.68
-1.57,441.10,-262.36
-0.40,461.61,-354.41
-0.28,462.01,-316.59
-1.81,457.90,-315.66
-3.22,447.55,-307.04
-2.14,445.89,-300.07
-2.05,436.59,-212.66
-1.53,445.41,-308.81
-3.42,429.14,-262.57
-2.42,444.44,-304.54
-1.69,445.41,-304.86
-0.08,449.08,-358.48
-0.77,432.96,-265.26
-0.60,431.80,-213.46
-2.22,438.72,-261.80
-2.26,436.67,-306.96
-0.12,443.88,-351.51
-0.64,443.96,-306.88
0.60,454.64,-305.39
0.93,438.48,-254.07
-0.60,429.98,-211.29
-2.18,437.31,-206.85
-2.01,445.49,-249.59
0.12,445.05,-252.54
-0.60,454.11,-353.28
-1.37,437.76,-257.09
-1.01,436.63,-256.81
-1.33,436.39,-253.86
-0.85,445.89,-302.33
0.40,445.37,-302.16
0.00,452.14,-350.10
-2.42,435.70,-256.81
-2.58,444.40,-303.25
-1.33,453.07,-305.63
0.00,445.85,-255.44
-1.05,436.39,-203.79
-1.89,435.86,-255.76
-1.01,435.78,-205.04
0.36,453.99,-298.98
-1.49,437.64,-259.22
-0.77,437.44,-262.00
-0.77,450.65,-264.46
-1.13,463.74,-313.36
-1.13,462.25,-311.87
0.48,458.26,-312.64
-0.28,439.73,-216.60
-0.04,438.56,-217.89
-0.20,438.60,-269.25
0.00,437.48,-221.32
0.44,436.79,-261.12
-0.16,436.07,-307.12
0.40,444.73,-350.50
-0.20,445.25,-303.09
-0.73,445.25,-299.63
-1.17,453.51,-294.91
-0.89,452.66,-300.35
-1.73,444.48,-212.01
-2.09,453.67,-306.92
-2.86,436.47,-309.17
-0.64,444.28,-350.30
-2.14,436.11,-296.61
-3.42,436.07,-299.06
-1.69,444.65,-348.61
1.05,445.05,-311.67
-0.89,428.73,-216.76
-1.77,435.94,-253.50
-3.26,436.23,-248.71
-3.30,436.39,-257.25
-1.45,436.31,-209.55
-1.37,435.78,-203.23
-1.97,435.50,-250.12
-2.38,435.58,-248.95
-2.22,429.38,-257.93
-3.54,429.54,-262.81
-3.46,437.60,-306.47
-1.09,445.33,-306.07
0.40,444.97,-306.03
0.52,435.42,-256.52
-0.08,436.71,-257.93
0.20,453.55,-351.19
-0.81,453.07,-299.38
-1.73,456.37,-296.61
-3.34,453.55,-302.00
-2.09,455.72,-306.43
-2.58,435.78,-213.66
-1.29,440.21,-306.35
-1.73,429.90,-266.23
-0.52,446.22,-255.44
-2.70,445.73,-251.93
-0.48,452.98,-303.90
-0.89,451.98,-297.49
-1.73,452.78,-295.20
-3.02,445.09,-301.64
-3.67,436.59,-304.86
-2.70,428.29,-262.36
-2.46,429.54,-262.28
-1.25,435.10,-268.57
-1.37,436.55,-266.27
-0.44,450.37,-311.67
-0.89,455.64,-306.88
1.45,446.50,-305.31
1.09,446.06,-305.27
-0.68,445.85,-303.33
-1.29,453.55,-302.29
-2.46,437.80,-298.66
-0.81,444.77,-304.58
-3.67,443.76,-305.55
-0.89,452.78,-301.12
0.93,453.95,-306.19
-0.56,437.07,-217.85
-1.05,436.75,-217.01
-1.45,436.63,-259.34
-0.16,436.63,-208.10
-2.38,445.25,-307.00
-1.85,436.59,-249.23
-2.66,429.02,-253.78
-2.58,437.84,-259.75
-2.82,444.93,-309.66
-0.56,452.58,-309.21
0.36,445.29,-307.52
0.04,446.22,-262.40
-0.52,439.17,-261.40
0.56,437.76,-253.50
-1.77,427.53,-253.38
-2.14,436.55,-256.68
-1.85,437.44,-261.64
-1.09,436.95,-265.91
-0.68,437.40,-256.36
1.09,453.67,-340.11
0.68,444.81,-250.12
-1.53,435.94,-212.53
-2.98,436.55,-214.55
-2.14,448.23,-267.60
-0.73,452.18,-225.30
-2.26,459.87,-312.03
-2.66,455.32,-354.45
-1.45,454.07,-353.12
-0.12,454.11,-309.46
0.16,453.75,-353.36
-0.97,435.46,-251.45
-1.21,443.52,-298.26
-2.46,444.44,-303.09
-0.68,444.24,-258.34
-1.77,452.34,-298.18
-1.57,444.65,-304.70
-0.48,445.25,-261.36
0.20,453.83,-306.92
-0.89,436.59,-257.25
-0.93,444.93,-306.88
-1.97,444.65,-306.56
-0.68,443.60,-353.49
-1.73,435.54,-255.64
0.52,453.31,-302.12
-0.73,436.83,-255.64
-1.69,428.61,-259.71
-0.93,428.33,-260.63
-1.37,439.05,-307.32
-0.68,453.15,-305.02
-0.16,456.49,-306.43
-0.04,452.10,-298.18
-1.17,447.75,-304.02
-0.97,445.29,-300.59
-0.40,444.85,-307.20
1.09,453.07,-302.16
-0.81,445.17,-253.95
-2.01,437.52,-253.26
-1.05,446.30,-308.81
-2.22,428.61,-207.70
-1.85,429.14,-256.64
-0.97,445.17,-346.07
-0.36,445.49,-299.83
0.00,446.30,-296.48
-2.34,438.16,-255.68
-1.89,445.29,-257.13
-3.75,436.19,-260.71
-0.97,435.82,-261.56
-3.18,436.27,-306.80
-3.06,436.99,-251.00
-2.54,452.82,-339.10
-2.42,445.33,-295.84
-0.20,446.46,-348.37
-2.01,433.57,-269.01
0.44,456.69,-276.95
-0.60,449.88,-231.75
-1.17,438.48,-224.70
-2.22,434.29,-256.16
-2.01,448.19,-350.30
-2.05,446.54,-305.51
-2.05,446.54,-304.58
-0.64,446.34,-254.07
-0.24,453.91,-301.40
0.16,453.63,-298.14
-0.73,445.61,-300.07
-1.13,444.20,-303.86
0.20,452.66,-351.79
1.77,444.81,-352.20
1.93,437.60,-304.10
-0.60,436.83,-307.88
-0.68,445.49,-307.16
-1.49,445.81,-300.39
-1.09,445.29,-258.30
-3.02,437.56,-210.04
-1.41,437.19,-255.03
-1.13,429.18,-254.15
0.08,445.21,-256.52
-0.89,437.07,-255.03
1.81,436.35,-256.81
-1.37,428.01,-249.92
-1.81,436.47,-242.26
-2.01,436.27,-249.80
-1.97,428.57,-264.46
-3.18,435.82,-262.08
-1.81,444.08,-352.96
0.16,444.77,-258.82
-1.33,436.91,-207.58
-2.26,436.95,-251.65
-1.29,436.75,-303.17
1.77,436.51,-303.65
-0.68,431.92,-258.94
-1.33,444.48,-263.09
-2.05,446.26,-263.90
-0.56,442.51,-260.19
-0.32,447.71,-256.97
-0.52,454.23,-300.59
-2.09,437.27,-210.20
-2.30,446.46,-306.72
-0.48,454.52,-310.70
1.01,445.01,-259.26
-0.32,427.81,-211.69
-1.17,435.74,-306.07
-0.52,444.81,-302.57
-0.68,446.10,-299.83
0.00,430.02,-248.47
2.26,445.81,-298.18
1.33,436.43,-253.38
-0.12,445.09,-255.19
-2.18,444.77,-255.48
-0.24,444.89,-257.93
-0.60,453.55,-345.83
-0.24,437.11,-297.53
-1.01,437.35,-247.86
-3.71,436.79,-304.66
-3.34,428.37,-306.92
-1.61,445.41,-354.69
-0.44,457.01,-362.07
0.00,453.02,-274.25
-0.28,449.92,-226.51
0.28,449.44,-266.55
-2.22,435.06,-214.11
-2.22,448.27,-311.07
-2.50,438.76,-262.81
-2.34,436.51,-271.15
-3.59,451.90,-320.57
-2.14,460.88,-360.94
-1.21,454.60,-356.51
-2.38,440.58,-354.09
-1.57,438.16,-304.14
-0.12,444.08,-257.73
-1.89,444.69,-259.63
-0.68,453.11,-307.88
-0.77,453.02,-307.04
0.08,452.50,-307.52
-1.77,436.03,-303.45
-1.41,444.24,-300.83
-2.46,435.46,-253.58
-2.54,436.07,-256.04
-1.61,436.75,-304.30
0.08,444.00,-306.15
0.24,434.94,-260.99
-1.65,443.80,-306.96
-3.14,436.83,-253.62
-3.06,445.05,-300.63
-2.38,431.76,-257.37
-1.89,447.10,-303.49
-1.85,454.88,-356.63
1.09,449.00,-272.48
-0.20,449.20,-221.68
-1.81,451.41,-218.42
-3.06,452.26,-314.37
-1.29,448.07,-308.65
-2.05,437.60,-253.14
-1.65,436.39,-251.41
-1.73,437.03,-255.27
-0.48,437.52,-255.23
-3.26,429.06,-211.85
-2.54,436.83,-309.09
-3.54,428.33,-262.00
-2.18,444.73,-308.85
-1.49,444.53,-305.31
-0.32,445.49,-299.47
-0.56,437.19,-209.84
-1.13,435.86,-211.20
-2.78,435.70,-260.07
-2.05,444.24,-304.86
-1.33,443.88,-302.37
-2.50,427.93,-208.91
-1.25,429.14,-258.98
-0.40,428.90,-259.83
0.12,436.59,-260.99
-0.36,444.04,-264.10
-0.24,443.96,-305.59
0.16,435.30,-258.62
-1.05,427.40,-257.05
-3.14,435.46,-255.23
-1.89,451.86,-349.17
-0.44,444.77,-307.92
-0.56,443.96,-309.94
-0.73,452.30,-308.77
-0.64,452.82,-304.30
-0.77,445.09,-259.46
-2.30,436.31,-256.81
-3.18,436.83,-257.61
-2.54,444.77,-302.69
-2.46,438.97,-306.39
-3.87,436.43,-218.94
-2.14,454.68,-314.89
-1.57,450.77,-309.58
-0.60,447.83,-309.42
-0.44,446.78,-357.92
-0.04,438.00,-263.29
-0.36,454.07,-260.55
-1.93,437.11,-211.97
-0.48,443.92,-255.64
-1.37,444.04,-257.01
-1.65,452.50,-304.54
-1.93,436.27,-257.21
-1.57,428.17,-259.34
-2.82,436.55,-305.19
-2.38,444.36,-347.36
-1.09,443.56,-342.41
-1.01,436.27,-245.41
0.48,444.00,-256.04
-0.12,428.57,-215.11
-0.44,436.31,-258.30
-1.69,436.83,-210.84
-0.97,454.23,-302.65
-2.26,440.54,-258.74
-1.81,432.56,-211.45
-3.71,431.39,-207.06
-2.09,437.44,-299.55
-4.07,429.78,-262.61
-2.86,445.73,-256.40
-2.74,444.00,-254.87
0.12,452.62,-304.22
-1.89,444.81,-304.78
-2.54,444.73,-301.76
-2.98,444.65,-299.47
-3.79,436.51,-300.23
-3.59,436.43,-255.31
-3.26,437.03,-252.05
-0.68,445.81,-256.81
-1.37,436.47,-259.42
-1.53,444.73,-307.56
-1.89,444.16,-307.00
0.32,443.92,-300.11
-2.01,426.92,-207.42
-1.85,427.61,-215.03
-1.25,436.79,-260.79
-1.81,437.88,-255.60
-0.77,453.75,-352.56
-0.44,445.53,-308.09
0.20,444.85,-258.58
-1.73,436.71,-211.65
-0.77,437.15,-214.43
-1.49,437.03,-213.30
-1.05,452.70,-302.49
-2.34,444.36,-304.58
-3.54,436.75,-304.62
-3.46,428.61,-258.90
-2.05,436.55,-351.83
-2.94,429.06,-254.87
-2.01,446.14,-251.73
-3.14,441.95,-205.89
-1.13,447.43,-214.95
-1.13,446.54,-225.71
0.44,458.30,-316.67
-2.58,439.37,-314.05
-1.05,446.50,-353.57
-0.24,445.85,-350.67
-1.29,445.17,-303.41
-0.81,445.01,-303.01
-0.08,445.29,-310.99
-0.48,437.60,-260.15
-0.12,445.77,-260.83
0.32,453.63,-305.99
0.97,444.48,-260.07
-1.25,435.58,-260.15
-1.09,436.47,-260.87
-1.13,436.55,-255.19
-0.48,436.55,-253.14
-3.34,436.67,-249.15
-1.81,453.27,-347.68
-1.69,454.23,-351.43
-2.30,443.64,-305.87
-0.40,443.60,-296.40
-2.22,427.69,-200.81
-2.62,435.86,-253.46
-1.65,451.78,-350.91
-0.64,443.88,-314.49
-1.57,435.94,-265.35
-3.02,426.68,-214.43
-2.50,435.54,-306.92
-1.25,429.02,-257.09
-2.30,433.25,-222.24
-2.30,447.39,-229.49
-2.09,448.31,-220.75
-0.73,435.74,-210.68
-0.93,433.37,-258.62
-1.93,431.67,-255.03
-3.10,439.13,-250.84
-2.22,437.64,-256.44
-2.22,428.09,-214.23
-2.70,435.74,-262.81
-0.73,453.23,-311.11
-0.60,454.84,-310.78
-0.24,461.61,-315.38
-0.28,464.22,-309.78
-1.69,461.73,-306.43
-2.50,440.50,-305.15
-0.56,437.48,-299.59
-1.81,428.81,-246.57
-1.25,429.30,-246.69
-1.29,438.00,-301.56
-0.28,445.94,-299.91
-1.09,444.04,-341.96
-1.45,427.73,-245.00
-0.44,443.96,-248.47
-1.73,436.83,-253.22
-1.09,436.75,-202.95
-3.10,445.21,-298.22
-2.66,445.41,-302.61
-1.81,445.98,-300.55
-1.85,438.24,-255.15
-2.26,446.98,-347.32
-1.53,430.95,-256.77
-0.36,443.60,-263.25
0.60,458.18,-316.22
0.40,461.89,-318.52
-0.85,450.97,-271.55
-1.93,445.37,-220.31
0.36,456.73,-307.36
-1.17,437.27,-258.26
-1.61,437.07,-261.04
-2.14,445.25,-257.85
-0.36,453.67,-349.17
-0.52,444.93,-254.15
0.04,445.09,-242.42
0.40,445.85,-298.58
0.68,445.41,-347.04
1.33,436.11,-300.59
-1.41,427.69,-249.19
-3.02,427.28,-251.37
-3.42,435.26,-303.37
-3.71,436.87,-263.57
-3.87,437.11,-262.36
-1.93,444.44,-301.84
0.32,452.94,-346.44
-1.01,437.44,-255.48
-1.37,445.49,-304.78
-1.45,451.66,-355.90
-0.24,444.04,-307.00
-1.97,429.10,-262.12
-1.41,429.74,-216.72
-1.85,438.36,-258.34
-1.85,428.61,-214.87
-2.14,436.67,-259.38
-0.77,445.13,-243.27
-1.41,444.65,-245.00
-3.06,435.22,-249.59
-2.18,435.82,-252.58
-0.28,453.23,-300.03
-2.05,437.35,-267.80
0.08,445.33,-316.38
-0.77,445.37,-259.50
0.44,452.94,-301.52
0.81,437.07,-253.02
-0.12,429.18,-212.01
-0.93,437.68,-215.35
-2.05,436.27,-215.52
-0.28,434.58,-260.07
-0.77,435.90,-260.27
-0.56,453.55,-310.30
-1.93,438.00,-262.61
-1.25,433.25,-260.03
-2.18,444.28,-310.78
-0.24,450.73,-355.62
-0.73,452.78,-354.94
-0.85,455.72,-350.95
-1.05,454.80,-308.97
-1.81,449.96,-304.82
-1.05,456.09,-303.01
0.40,446.70,-253.54
-0.64,428.53,-202.54
-0.64,430.95,-258.34
-2.62,443.36,-310.66
-1.69,453.19,-316.67
-1.65,447.63,-310.54
-2.05,427.97,-212.94
-1.73,437.11,-214.55
-2.05,447.02,-254.79
-0.73,458.62,-304.18
-0.64,464.47,-308.89
-1.41,463.98,-315.01
-2.98,451.74,-312.68
0.00,457.13,-352.40
-0.44,447.10,-302.12
-0.85,446.10,-254.23
-0.60,445.45,-304.22
-1.13,427.49,-258.50
0.40,443.96,-303.98
-2.34,435.94,-252.90
-2.30,435.54,-296.81
-4.47,427.20,-253.38
-3.83,444.61,-301.84
-2.05,453.07,-353.00
-0.97,444.40,-302.12
-1.29,428.69,-259.18
-2.42,436.39,-305.06
-2.90,445.13,-350.06
-0.89,452.58,-346.40
-0.48,444.85,-298.86
-0.81,445.33,-301.68
-0.64,455.32,-298.50
0.56,447.10,-254.35
0.77,444.77,-254.63
-0.28,444.32,-261.84
0.24,452.34,-304.50
-1.77,436.07,-301.36
-0.85,442.99,-352.80
-0.85,442.75,-352.48
-0.28,445.45,-306.19
0.00,441.71,-266.59
0.36,452.70,-317.96
-0.77,441.67,-265.47
-1.17,438.40,-254.07
-1.05,446.42,-299.30
-1.13,436.87,-206.57
-1.17,436.75,-216.28
-2.42,429.58,-213.70
-3.75,430.71,-265.99
-4.11,442.07,-315.66
-2.42,453.55,-356.02
-1.37,452.46,-356.99
-1.17,432.36,-252.70
-0.44,430.55,-210.56
-1.53,438.12,-220.19
-1.21,437.11,-263.45
0.68,437.35,-257.33
-1.21,445.65,-351.75
-1.17,453.51,-353.24
-1.09,445.49,-307.40
-2.22,427.81,-216.00
-3.59,435.66,-260.39
-1.17,452.26,-303.70
-1.01,453.15,-345.99
-0.60,444.69,-296.61
-1.53,436.15,-257.17
-1.89,436.19,-253.91
-2.50,436.55,-250.64
-2.74,427.73,-251.29
-2.54,435.86,-305.83
0.16,445.09,-354.53
-1.13,436.75,-259.26
-3.18,427.77,-257.85
-3.54,427.08,-258.82
-2.26,449.00,-308.41
-2.46,451.13,-304.38
-1.33,450.04,-309.94
-1.17,439.29,-209.75
-0.56,437.48,-206.93
-2.74,435.90,-257.41
-2.22,444.04,-306.84
-2.34,438.00,-308.85
-2.90,438.68,-306.88
-1.81,446.14,-354.57
-0.68,445.21,-356.22
-2.90,432.16,-270.22
-1.73,455.76,-268.77
-2.82,452.66,-270.34
0.28,451.05,-266.11
-0.04,455.08,-361.54
-0.04,441.34,-261.64
-0.08,439.01,-263.13
-0.73,437.27,-264.98
-1.05,445.25,-304.34
-1.01,445.29,-303.90
-0.12,445.77,-309.50
-0.32,437.15,-253.58
0.20,444.81,-298.18
-0.20,444.36,-303.05
-1.53,428.94,-262.85
-1.85,437.40,-308.53
0.68,445.98,-348.57
-1.37,437.07,-249.84
-3.46,428.61,-251.69
-1.37,444.61,-350.91
0.44,445.05,-303.21
0.12,437.07,-258.38
0.44,445.13,-257.33
-0.16,444.44,-259.46
0.36,436.11,-211.08
-1.49,427.73,-210.12
-1.41,439.65,-254.91
-2.34,443.03,-309.70
-0.32,445.77,-260.03
-2.14,442.19,-256.20
-0.89,447.83,-303.90
0.44,447.51,-299.06
0.04,442.07,-253.46
0.85,456.21,-257.77
1.17,457.74,-262.89
-1.61,437.64,-217.25
-2.01,432.36,-260.75
-2.26,437.96,-308.21
-2.30,436.87,-258.86
-2.62,436.95,-301.36
-2.94,427.97,-253.58
-2.01,429.14,-254.31
-1.57,429.82,-259.67
-0.89,445.53,-353.81
0.93,452.62,-300.11
-0.36,436.47,-207.18
-1.45,436.39,-205.77