477.15,-251.21,-25.86
487.67,-170.72,-6.16
490.89,-88.22,8.98
486.02,-170.32,-5.12
471.27,-333.99,-18.49
467.57,-333.50,-36.42
469.30,-250.92,-46.61
472.72,-335.52,-54.34
474.82,-171.69,-78.47
471.07,-254.67,-70.05
477.11,-170.20,-66.71
471.80,-251.57,-43.39
470.35,-169.07,-50.96
470.47,-251.21,-46.85
471.07,-335.96,-31.98
472.88,-337.29,-37.66
473.05,-170.84,-29.37
471.56,-251.65,-26.59
466.44,-333.79,-26.06
470.99,-251.53,-46.85
471.88,-169.83,-57.85
475.74,-251.41,-51.68
471.72,-333.63,-41.69
475.99,-250.36,-48.86
476.23,-252.29,-50.72
480.38,-170.36,-45.48
480.05,-171.53,-35.73
475.83,-87.82,-30.78
475.42,-87.58,-41.37
472.88,-170.40,-41.13
473.17,-170.64,-57.28
469.22,-254.35,-58.69
477.24,-170.32,-57.28
475.99,-255.56,-43.47
486.14,-173.70,-55.23
486.74,-260.23,-45.96
491.17,-176.40,-37.75
483.32,-257.53,-35.37
481.79,-172.53,-42.22
474.98,-254.51,-57.36
477.92,-171.24,-50.15
479.09,-172.94,-41.93
488.15,-258.94,-41.57
487.31,-175.15,-41.45
482.11,-255.76,-46.45
481.99,-170.84,-36.50
481.95,-171.36,-38.71
476.59,-87.78,-17.97
475.91,-87.01,-28.32
472.08,-169.95,-26.47
476.27,-168.83,-35.69
472.08,-170.44,-55.91
476.35,-252.13,-54.42
477.32,-170.88,-52.09
476.43,-253.26,-38.51
480.14,-170.32,-50.56
480.86,-171.00,-46.85
477.76,-88.95,-34.97
476.55,-87.58,-39.92
476.27,-170.60,-35.33
471.31,-336.04,-37.62
471.68,-254.91,-42.46
472.48,-172.45,-37.54
478.40,-255.40,-34.00
480.94,-343.90,-31.70
493.71,-259.26,-50.47
489.92,-260.35,-42.50
487.79,-257.37,-31.90
478.08,-173.22,-28.16
475.10,-253.86,-35.89
473.73,-170.72,-34.72
469.06,-254.43,-44.55
476.95,-171.61,-54.95
481.18,-253.70,-60.51
476.35,-336.49,-54.87
471.31,-254.51,-28.88
471.80,-253.95,-26.95
479.25,-171.28,-35.45
473.33,-255.19,-44.47
470.19,-173.14,-27.67
469.66,-254.35,-34.12
473.73,-171.81,-42.78
477.52,-89.91,-43.79
477.68,-89.79,-43.14
477.52,-88.58,-49.19
480.66,-172.17,-40.65
487.47,-171.97,-50.15
488.03,-258.86,-45.68
482.75,-342.08,-49.02
478.04,-341.84,-43.14
480.90,-259.99,-41.05
481.79,-343.45,-32.43
474.86,-338.98,-35.73
476.47,-254.63,-46.61
475.78,-171.61,-59.01
477.56,-172.86,-52.93
477.03,-90.11,-41.01
480.74,-89.55,-50.56
480.70,-171.08,-43.55
480.30,-171.16,-37.91
473.25,-254.07,-34.32
477.60,-171.45,-40.77
474.54,-254.39,-32.87
473.85,-170.24,-45.92
469.18,-253.95,-42.06
477.40,-170.76,-31.78
473.57,-254.71,-38.83
478.44,-173.10,-42.82
474.50,-255.15,-32.11
477.96,-254.71,-37.95
473.01,-336.81,-39.20
476.51,-254.19,-24.17
477.36,-255.40,-22.64
474.25,-339.43,-30.21
474.70,-256.40,-44.39
475.26,-172.37,-58.53
478.40,-170.12,-52.53
478.20,-87.70,-48.86
481.95,-87.45,-35.17
482.35,-170.28,-42.78
481.02,-171.89,-53.05
472.97,-255.92,-52.37
472.72,-173.30,-46.49
474.66,-257.49,-38.55
479.25,-175.23,-44.67
472.44,-256.40,-41.09
470.55,-254.27,-31.30
473.57,-253.78,-40.52
472.64,-253.42,-43.59
477.07,-254.15,-32.23
473.85,-255.27,-28.00
477.03,-255.56,-30.98
473.25,-172.69,-16.84
473.45,-256.16,-19.90
473.89,-173.42,-22.40
469.42,-255.11,-34.76
478.89,-172.53,-43.75
479.73,-260.03,-54.38
487.23,-176.60,-66.27
492.58,-90.56,-52.33
489.40,-173.38,-58.05
483.64,-256.16,-45.20
480.01,-173.98,-45.00
483.28,-260.87,-41.49
483.40,-176.80,-57.28
474.78,-257.37,-46.89
480.42,-173.18,-52.73
475.30,-256.97,-56.48
478.00,-175.55,-47.98
474.46,-175.35,-30.25
479.41,-173.90,-34.12
474.78,-90.48,-43.83
478.28,-89.95,-65.78
475.02,-173.34,-56.44
481.95,-258.42,-54.74
483.96,-260.23,-47.37
492.86,-176.48,-58.77
487.06,-172.94,-48.46
485.05,-174.10,-50.03
476.71,-173.66,-56.72
479.57,-173.22,-53.78
476.03,-256.93,-54.34
482.79,-255.60,-41.01
487.75,-259.99,-40.65
489.60,-176.56,-47.13
477.52,-259.34,-35.49
481.30,-174.63,-41.21
482.63,-256.12,-37.66
483.04,-172.94,-54.34
479.41,-255.48,-47.53
482.67,-173.50,-39.03
473.81,-254.95,-45.04
477.15,-172.41,-62.96
477.44,-255.31,-51.88
479.61,-173.02,-51.68
475.30,-259.79,-54.66
491.54,-175.55,-55.83
493.67,-264.18,-43.30
491.13,-179.62,-46.45
483.96,-260.79,-36.62
486.70,-175.15,-30.13
476.67,-257.33,-40.57
479.65,-172.98,-62.60
474.58,-254.87,-67.68
477.88,-254.23,-53.50
474.17,-255.15,-68.24
478.89,-337.61,-53.01
477.96,-172.81,-34.56
481.34,-89.75,-38.95
478.12,-90.15,-33.56
478.48,-89.79,-32.91
480.30,-177.61,-37.99
493.67,-177.93,-34.48
495.44,-266.19,-38.59
495.52,-265.06,-39.64
483.80,-263.05,-29.17
481.95,-175.96,-40.81
476.55,-173.58,-41.21
474.90,-171.97,-35.13
471.19,-256.00,-42.06
470.75,-255.36,-41.13
475.30,-255.68,-35.85
475.54,-90.15,-29.04
480.46,-89.75,-50.96
479.65,-172.57,-53.98
478.36,-173.74,-47.98
478.24,-174.06,-48.42
478.56,-174.10,-64.78
479.29,-174.47,-45.00
480.10,-178.90,-40.12
492.58,-178.05,-51.00
492.50,-178.90,-35.17
490.73,-176.88,-34.97
481.46,-90.11,-34.93
483.32,-90.40,-40.48
481.06,-172.81,-45.20
475.95,-339.47,-34.00
471.84,-256.81,-46.33
479.09,-90.03,-44.84
478.32,-172.53,-49.35
478.00,-172.98,-44.39
474.70,-256.28,-46.16
478.60,-173.06,-32.23
474.42,-255.31,-19.74
478.69,-256.24,-24.77
475.83,-174.51,-26.39
479.93,-90.92,-50.96
479.17,-172.25,-42.46
474.50,-338.42,-44.51
474.01,-256.64,-50.47
474.78,-174.31,-50.64
478.85,-256.72,-44.63
478.89,-173.82,-53.46
478.44,-256.60,-46.37
474.62,-339.63,-50.43
475.18,-339.35,-56.88
475.70,-174.75,-55.35
475.06,-255.80,-34.32
470.39,-338.34,-35.61
473.81,-255.80,-47.29
474.42,-256.56,-49.27
479.05,-173.34,-42.22
475.18,-256.08,-43.10
479.21,-173.50,-58.69
475.30,-256.44,-68.40
478.60,-256.40,-61.23
474.82,-339.35,-59.34
478.16,-255.92,-52.13
474.66,-255.88,-55.67
478.73,-173.22,-63.41
474.98,-256.89,-55.47
479.09,-174.14,-35.17
474.74,-256.52,-35.01
474.50,-173.42,-18.61
479.01,-90.88,-26.14
481.99,-172.86,-33.84
472.92,-338.54,-45.00
474.05,-338.70,-43.83
475.22,-173.66,-62.28
475.10,-257.01,-58.49
471.31,-340.31,-53.09
474.82,-257.85,-32.39
475.06,-174.18,-28.08
479.61,-256.81,-29.21
475.74,-339.75,-34.28
479.57,-256.04,-65.50
475.38,-255.88,-68.00
479.05,-256.68,-50.88
474.82,-173.90,-40.16
475.10,-256.85,-37.95
474.62,-173.70,-55.03
471.15,-256.68,-51.93
479.01,-174.47,-66.59
475.38,-257.69,-56.96
478.77,-175.31,-47.74
473.93,-257.69,-31.58
478.64,-175.07,-51.97
475.70,-257.53,-50.23
479.33,-174.39,-39.76
475.14,-256.28,-38.07
475.26,-173.58,-58.29
471.11,-256.60,-62.72
471.60,-256.97,-53.21
475.95,-339.31,-39.56
475.50,-339.63,-47.21
479.09,-256.24,-42.18
475.02,-255.64,-35.93
478.69,-254.91,-36.78
474.66,-172.49,-35.33
474.86,-257.09,-36.62
475.14,-175.80,-44.47
471.96,-258.62,-49.75
471.80,-257.13,-53.82
474.58,-339.79,-39.52
474.21,-339.79,-45.40
478.73,-257.09,-46.49
474.70,-174.63,-49.91
481.06,-175.88,-44.03
482.31,-91.89,-31.94
490.89,-264.26,-26.10
490.49,-179.78,-34.36
481.14,-261.28,-43.79
484.08,-175.19,-48.02
478.69,-258.05,-51.08
481.55,-175.11,-42.90
476.35,-173.90,-32.75
479.09,-90.03,-49.51
483.16,-91.32,-48.18
479.33,-256.89,-43.18
478.40,-257.45,-58.85
474.21,-256.81,-65.90
477.88,-257.01,-63.00
474.90,-340.55,-44.88
485.05,-256.93,-53.42
486.38,-261.16,-53.70
489.84,-178.58,-36.70
485.90,-258.90,-36.13
486.14,-173.98,-31.06
477.03,-257.57,-30.37
479.29,-173.70,-19.94
475.14,-256.77,-31.14
479.01,-257.65,-31.94
475.14,-257.25,-53.78
479.33,-339.43,-44.67
479.37,-171.97,-29.08
475.14,-254.67,-36.34
470.79,-255.60,-40.61
475.26,-172.01,-41.57
482.55,-89.95,-40.81
478.44,-256.64,-43.02
479.17,-256.56,-58.33
475.54,-256.93,-65.26
475.14,-174.35,-68.60
471.07,-256.93,-51.88
479.25,-173.90,-36.70
475.42,-256.40,-38.55
479.25,-174.39,-30.74
475.46,-175.15,-22.08
479.41,-174.91,-30.53
475.78,-91.44,-20.34
479.85,-92.13,-25.06
478.97,-175.27,-26.63
474.90,-339.55,-26.10
474.78,-338.58,-36.01
474.38,-339.75,-40.61
472.08,-423.13,-39.76
476.59,-256.81,-29.37
476.59,-174.18,-23.32
479.05,-172.98,-31.78
475.22,-89.59,-26.71
479.97,-89.47,-37.83
481.10,-174.14,-47.13
480.14,-174.79,-23.85
471.43,-257.57,-30.01
479.01,-173.98,-38.75
475.02,-257.45,-41.85
479.49,-174.71,-36.05
476.27,-173.22,-30.37
480.38,-91.77,-45.36
484.49,-92.37,-46.61
479.73,-258.54,-41.49
480.22,-257.61,-46.16
480.54,-257.41,-51.32
479.81,-174.18,-57.40
471.92,-257.09,-52.61
479.81,-175.47,-68.68
476.23,-258.86,-63.33
480.54,-176.12,-58.89
476.51,-174.39,-39.03
480.42,-174.43,-31.90
476.07,-91.97,-24.45
479.53,-92.17,-43.71
479.69,-174.55,-49.27
479.85,-173.34,-49.51
472.97,-257.05,-51.16
486.18,-173.38,-59.98
487.47,-261.64,-52.85
491.94,-179.62,-35.69
482.39,-177.89,-31.94
482.15,-175.55,-32.91
477.32,-92.37,-19.66
480.74,-91.36,-39.16
479.25,-172.94,-43.10
483.40,-174.91,-39.11
484.73,-175.92,-42.54
484.32,-177.45,-65.42
491.17,-176.12,-58.97
488.96,-177.41,-53.09
488.88,-177.37,-49.19
480.14,-175.63,-41.33
481.02,-91.56,-49.06
476.27,-174.59,-50.80
479.05,-174.79,-32.63
475.26,-257.85,-45.00
479.69,-257.01,-49.11
476.19,-339.67,-53.70
480.42,-257.57,-24.17
476.11,-257.33,-21.19
475.26,-174.63,-21.79
470.87,-257.61,-32.15
473.17,-257.29,-46.81
484.20,-260.75,-51.00
488.03,-264.50,-53.21
489.16,-264.02,-54.46
479.85,-259.34,-59.94
482.07,-258.05,-47.78
476.63,-257.13,-49.71
480.01,-338.74,-47.37
479.93,-173.38,-45.36
475.26,-258.26,-56.56
479.29,-176.20,-56.28
476.23,-257.93,-45.40
480.70,-174.99,-33.80
476.59,-257.09,-35.21
480.54,-256.36,-42.86
476.07,-255.60,-41.57
479.05,-174.71,-32.71
475.34,-173.86,-26.02
478.89,-173.66,-35.13
475.14,-172.94,-48.70
480.05,-90.60,-50.03
483.96,-90.68,-41.77
480.34,-257.81,-39.64
472.24,-258.13,-53.25
471.88,-258.34,-50.23
480.22,-174.59,-28.08
476.87,-258.90,-32.35
486.26,-175.96,-35.53
488.84,-264.46,-34.20
490.21,-180.71,-26.79
480.74,-261.64,-31.58
476.07,-258.62,-54.22
477.48,-256.77,-54.42
476.47,-89.75,-43.26
479.69,-89.67,-34.93
476.27,-173.02,-46.77
475.74,-174.75,-27.51
470.87,-257.25,-35.33
479.17,-172.77,-49.91
475.26,-255.31,-57.24
479.01,-173.30,-58.17
475.74,-173.46,-49.63
480.78,-92.21,-38.79
490.41,-94.95,-33.48
493.83,-267.96,-32.43
496.37,-267.56,-48.18
487.59,-262.20,-53.46
485.73,-258.98,-56.60
478.97,-258.42,-45.76
480.98,-174.43,-38.87
483.96,-173.90,-54.30
484.12,-175.15,-46.81
479.65,-257.97,-50.27
483.36,-174.39,-51.28
475.70,-256.32,-42.70
480.10,-174.31,-36.82
479.85,-257.01,-31.58
479.53,-174.79,-34.84
472.12,-257.81,-40.20
472.52,-256.97,-43.71
476.75,-173.18,-65.46
476.43,-173.42,-57.65
479.97,-174.87,-30.09
476.11,-175.19,-25.10
480.66,-175.11,-43.22
476.15,-92.25,-53.74
479.37,-91.60,-68.56
479.57,-174.83,-66.95
480.14,-342.81,-60.22
481.34,-342.93,-56.68
480.18,-258.46,-50.84
482.35,-174.87,-40.69
481.67,-178.90,-45.20
489.00,-178.37,-39.28
484.08,-176.76,-45.16
484.04,-174.22,-51.68
477.92,-90.84,-67.39
475.95,-256.77,-51.97
471.11,-339.27,-50.76
475.14,-256.04,-37.79
475.58,-256.68,-38.31
485.65,-172.81,-29.69
490.49,-262.77,-25.82
496.93,-179.58,-39.36
487.67,-177.33,-49.87
485.37,-175.07,-37.34
479.01,-91.20,-24.73
480.86,-92.01,-37.99
480.46,-173.58,-44.47
479.85,-172.61,-52.21
470.99,-256.44,-41.25
479.09,-174.51,-23.85
483.60,-257.45,-19.90
480.26,-340.43,-27.43
480.46,-256.20,-39.07
475.83,-173.42,-43.06
479.85,-91.72,-24.73
475.99,-173.70,-24.57
480.26,-174.10,-20.71
476.51,-256.81,-38.59
476.63,-174.02,-50.15
472.80,-257.81,-50.60
472.28,-258.38,-41.73
475.14,-341.52,-48.42
479.25,-173.86,-56.76
480.22,-257.13,-60.47
484.00,-174.63,-64.82
483.68,-174.83,-46.97
480.01,-256.00,-44.67
480.14,-256.93,-61.83
476.23,-257.81,-57.69
479.85,-259.14,-53.25
475.70,-258.30,-30.62
480.05,-341.16,-27.11
479.61,-175.63,-23.85
478.16,-256.32,-31.90
482.71,-173.50,-27.31
475.34,-256.60,-26.06
471.72,-174.14,-27.80
471.76,-257.85,-34.48
475.87,-175.07,-49.23
471.84,-256.48,-50.07
479.29,-173.78,-45.28
475.62,-257.69,-53.21
479.89,-174.10,-52.57
476.55,-174.87,-45.80
480.54,-91.89,-52.25
490.00,-94.83,-54.34
493.31,-265.67,-47.33
486.14,-265.06,-55.51
484.32,-94.18,-37.75
479.53,-175.19,-43.95
480.78,-175.03,-43.02
475.78,-257.37,-52.81
479.33,-174.87,-30.49
476.23,-258.34,-33.07
481.14,-174.71,-47.01
476.63,-174.35,-42.46
479.89,-175.15,-30.13
475.91,-91.60,-28.08
480.58,-92.37,-33.27
479.93,-174.59,-29.53
479.57,-174.22,-34.44
472.00,-256.56,-30.49
479.25,-174.14,-30.86
475.87,-257.45,-30.66
479.61,-175.31,-32.63
475.14,-173.90,-45.16
478.97,-91.04,-40.57
485.09,-91.48,-39.03
486.70,-260.55,-35.73
492.22,-260.99,-54.87
492.10,-264.94,-60.63
493.11,-264.82,-60.42
483.80,-261.96,-59.54
483.36,-342.17,-45.00
480.98,-176.04,-56.88
484.20,-91.48,-50.23
485.69,-175.07,-43.06
490.65,-175.11,-23.77
492.46,-175.68,-19.86
486.94,-91.48,-13.41
483.20,-92.33,-41.01
481.83,-174.79,-45.96
481.30,-175.51,-56.40
473.13,-258.94,-47.45
472.56,-257.77,-57.00
475.91,-339.10,-52.01
480.66,-172.61,-68.08
479.41,-256.00,-62.00
483.04,-174.71,-72.35
476.15,-258.34,-52.97
473.05,-175.11,-44.35
471.64,-256.81,-45.68
470.95,-338.74,-33.56
475.54,-257.17,-35.61
475.46,-257.69,-33.68
479.33,-174.27,-48.02
482.75,-257.17,-51.52
484.24,-173.78,-58.37
479.53,-255.48,-50.92
483.96,-173.58,-51.32
475.83,-256.77,-43.83
480.22,-173.66,-45.00
476.11,-256.93,-38.55
480.34,-175.80,-37.14
476.39,-176.32,-41.98
481.18,-258.01,-46.93
477.40,-340.31,-32.83
481.14,-257.73,-42.02
477.15,-257.85,-30.37
480.01,-258.22,-24.33
478.28,-343.13,-28.84
490.17,-259.91,-48.46
491.58,-265.83,-44.19
492.70,-264.22,-48.58
482.07,-260.99,-44.15
482.75,-342.33,-44.47
480.66,-175.55,-54.50
480.34,-258.94,-55.31
485.33,-175.72,-58.13
477.40,-258.05,-49.63
481.14,-175.27,-42.38
476.75,-258.50,-53.46
475.78,-174.31,-64.45
470.67,-256.89,-69.65
478.64,-173.86,-50.15
474.98,-257.41,-37.99
475.66,-175.35,-19.94
471.43,-257.89,-21.91
479.65,-174.02,-22.03
475.42,-257.85,-29.77
478.73,-174.31,-36.17
474.70,-257.37,-56.11
479.01,-256.81,-53.62
475.54,-257.01,-71.66
480.05,-174.22,-43.39
476.27,-173.94,-33.68
480.34,-175.31,-23.69
476.03,-174.75,-45.84
479.93,-175.07,-46.25
480.22,-92.85,-32.31
483.56,-92.17,-52.37
484.04,-174.59,-56.40
484.65,-174.83,-25.70
484.49,-175.19,-45.36
479.77,-174.31,-71.38
480.66,-340.19,-59.26
479.69,-174.87,-51.68
475.26,-258.66,-32.63
479.69,-176.36,-34.44
476.83,-259.50,-40.24
480.54,-176.32,-64.25
476.19,-258.82,-67.92
478.85,-175.39,-53.94
474.98,-257.89,-36.09
478.93,-174.63,-28.20
483.68,-257.37,-35.49
483.56,-173.54,-54.66
476.79,-257.33,-54.66
480.14,-175.27,-58.09
478.60,-259.99,-46.57
489.80,-176.56,-32.87
489.32,-262.89,-35.29
487.79,-260.95,-30.86
479.89,-176.92,-18.21
477.68,-258.78,-23.73
476.47,-177.04,-39.48
479.61,-93.42,-47.74
479.41,-93.09,-51.56
479.05,-92.81,-37.66
483.72,-92.01,-23.28
480.42,-257.81,-42.54
473.77,-258.13,-33.76
473.53,-258.22,-35.49
472.84,-341.32,-55.27
477.07,-341.36,-48.62
477.24,-257.37,-61.75
480.22,-339.95,-48.50
480.22,-174.55,-25.46
483.60,-91.40,-32.31
479.61,-174.47,-35.17
479.21,-173.26,-48.06
475.06,-256.97,-50.43
484.65,-174.71,-51.24
484.81,-262.04,-39.40
488.27,-178.70,-45.24
479.65,-259.10,-34.56
481.91,-174.55,-32.63
477.52,-257.33,-35.45
476.91,-174.79,-46.49
472.16,-256.68,-41.53
479.57,-175.31,-51.20
475.70,-257.81,-42.58
472.28,-174.55,-36.46
472.88,-257.29,-37.83
479.85,-173.74,-62.80
475.42,-256.56,-61.51
479.57,-172.90,-66.91
476.07,-257.09,-49.02
480.38,-174.75,-53.46
476.27,-258.09,-47.45
480.22,-175.07,-30.70
476.07,-257.33,-27.55
479.05,-173.98,-25.78
475.54,-257.37,-32.67
480.70,-175.23,-34.72
476.27,-258.18,-33.56
479.09,-175.63,-54.99
475.46,-258.22,-59.06
486.86,-174.55,-63.89
490.61,-177.61,-48.30
493.03,-94.14,-49.99
482.83,-175.59,-55.39
483.20,-176.72,-49.19
477.72,-258.78,-54.58
481.75,-258.18,-41.49
478.36,-175.72,-56.40
481.51,-92.05,-44.19
480.14,-174.63,-35.97
478.77,-343.70,-29.21
477.84,-261.80,-37.99
478.08,-261.20,-36.21
482.67,-176.04,-28.68
478.00,-258.09,-40.00
480.82,-176.28,-56.68
476.95,-259.26,-53.66
481.42,-259.02,-38.79
477.84,-175.47,-60.91
476.83,-258.18,-55.19
475.42,-173.70,-40.08
471.76,-256.77,-24.33
482.35,-175.68,-43.43
484.24,-262.89,-50.72
490.13,-178.94,-52.09
481.99,-259.75,-38.15
482.87,-174.71,-43.59
477.19,-257.93,-46.93
480.38,-174.83,-47.61
480.30,-258.38,-39.88
480.70,-173.54,-46.85
472.84,-257.13,-43.83
480.62,-174.87,-45.96
476.95,-257.49,-36.21
480.78,-174.18,-26.87
476.23,-173.22,-29.33
480.82,-90.72,-39.60
484.85,-91.68,-40.57
480.94,-258.26,-46.37
480.90,-256.64,-28.80
479.33,-258.42,-25.50
485.53,-175.72,-29.00
487.71,-265.59,-35.93
493.19,-181.96,-37.50
482.39,-263.09,-33.03
483.12,-176.04,-51.56
481.46,-258.46,-45.36
485.01,-174.22,-41.61
482.39,-175.84,-45.00
485.21,-93.26,-46.81
488.15,-93.50,-22.68
488.59,-175.07,-28.20
484.20,-174.79,-45.20
474.42,-259.06,-56.64
481.75,-174.51,-49.11
476.83,-257.05,-39.40
479.85,-173.82,-29.17
475.74,-258.05,-16.76
479.89,-174.71,-25.54
475.22,-257.73,-36.21
480.10,-174.02,-31.62
476.87,-257.77,-34.93
480.98,-175.07,-51.52
476.91,-175.39,-70.70
480.70,-257.73,-59.94
480.74,-175.39,-49.91
480.01,-257.93,-32.27
483.48,-175.35,-45.24
475.99,-258.90,-47.94
479.81,-174.67,-56.96
476.27,-256.24,-45.96
481.34,-257.37,-44.19
477.36,-258.09,-31.90
480.66,-340.43,-32.71
479.73,-174.31,-57.65
475.46,-257.81,-56.28
472.32,-258.38,-50.60
476.99,-257.65,-38.35
477.88,-92.09,-54.34
476.87,-257.73,-52.89
479.41,-174.51,-49.83
475.46,-258.13,-50.72
479.97,-174.91,-30.49
475.58,-257.93,-23.73
479.21,-174.51,-34.32
475.62,-173.46,-49.19
480.42,-174.31,-44.59
480.82,-90.36,-46.49
484.08,-90.36,-39.32
480.05,-172.61,-36.74
479.49,-172.61,-35.69
475.83,-256.04,-32.47
480.78,-174.75,-37.14
477.07,-258.22,-35.37
476.67,-174.51,-38.47
473.33,-257.69,-35.57
473.57,-257.69,-47.66
477.52,-257.53,-44.55
477.19,-90.36,-51.68
477.07,-256.64,-50.92
480.62,-174.27,-57.56
476.31,-257.21,-57.04
480.22,-174.35,-63.81
476.35,-258.13,-50.84
475.83,-176.24,-49.15
479.41,-92.81,-53.42
479.49,-92.69,-28.60
479.65,-173.82,-25.30
475.78,-257.57,-25.30
480.05,-257.97,-24.98
475.42,-258.58,-21.51
480.42,-258.30,-25.42
476.99,-258.54,-54.38
477.28,-340.47,-54.79
476.11,-174.10,-52.45
471.88,-256.36,-48.66
479.69,-173.86,-66.47
476.07,-257.13,-64.78
480.42,-175.59,-63.73
476.35,-258.22,-35.85
479.93,-175.39,-33.52
476.51,-258.54,-35.77
480.26,-175.59,-60.14
475.95,-258.70,-61.63
475.30,-175.55,-66.02
471.07,-257.97,-51.16
479.77,-175.11,-41.98
476.19,-257.85,-32.59
480.62,-176.36,-36.34
476.55,-260.19,-27.47
480.54,-258.66,-27.71
476.23,-174.99,-62.12
475.95,-258.58,-69.21
471.72,-341.16,-52.41
472.44,-258.26,-30.53
471.68,-257.85,-33.39
480.46,-175.35,-47.74
475.78,-257.09,-51.56
480.18,-174.18,-52.41
476.67,-256.89,-40.36
480.34,-257.17,-37.79
476.23,-173.74,-47.05
476.67,-256.60,-51.88
476.75,-173.70,-52.53
472.16,-256.36,-48.50
479.85,-173.94,-33.52
475.38,-257.73,-26.79
479.21,-174.91,-38.31
479.17,-257.33,-45.16
475.30,-257.65,-46.16
475.99,-258.09,-46.49
479.13,-91.93,-22.12
489.72,-91.68,-26.95
489.52,-179.46,-45.20
486.62,-179.62,-43.59
477.60,-261.56,-35.53
482.59,-176.44,-42.74
477.40,-258.09,-49.87
480.90,-175.35,-44.07
476.51,-175.80,-47.05
479.97,-175.19,-37.30
475.30,-92.33,-37.62
479.89,-91.00,-36.70
476.27,-173.42,-45.60
476.55,-174.18,-42.22
472.28,-258.30,-48.18
479.41,-175.43,-50.39
476.03,-258.38,-38.67
480.22,-176.28,-36.05
477.36,-176.00,-37.95
481.91,-93.05,-50.56
486.14,-92.41,-49.55
481.55,-257.49,-32.23
480.18,-257.93,-55.51
480.22,-258.94,-57.52
480.70,-176.28,-38.99
472.52,-258.98,-24.61
480.34,-174.35,-31.74
476.47,-258.42,-46.12
484.04,-174.75,-62.96
485.01,-262.57,-65.78
492.70,-178.66,-32.39
493.71,-177.65,-27.92
484.85,-92.37,-20.87
481.71,-93.58,-46.12
480.46,-176.20,-51.16
477.24,-341.48,-32.39
477.88,-256.81,-58.85
477.84,-173.94,-73.03
481.14,-258.13,-57.89
481.83,-175.07,-47.53
481.59,-258.74,-37.58
476.67,-341.12,-42.74
476.39,-341.80,-45.96
477.60,-341.64,-42.50
480.90,-258.42,-23.53
479.29,-258.46,-20.06
478.32,-175.68,-34.64
471.23,-258.22,-41.41
480.18,-174.67,-34.64
484.28,-257.45,-29.65
484.53,-174.18,-63.49
480.98,-257.45,-63.45
484.77,-174.22,-75.61
485.01,-174.43,-54.30
481.22,-258.78,-47.53
481.42,-258.05,-47.53
477.32,-257.73,-45.80
480.54,-173.90,-45.32
476.31,-174.27,-37.06
480.70,-257.33,-36.62
480.62,-174.59,-15.91
479.93,-257.53,-19.17
484.00,-174.35,-17.93
485.01,-174.75,-33.23
480.42,-258.22,-34.20
472.24,-341.08,-49.06
471.51,-340.55,-50.56
472.36,-339.83,-46.08
475.95,-257.37,-37.91
476.27,-257.21,-31.62
472.12,-256.40,-23.97
475.70,-175.47,-34.32
476.15,-175.47,-39.44
472.24,-174.71,-33.23
472.64,-257.81,-37.14
486.66,-175.11,-39.48
489.12,-264.34,-31.78
494.03,-179.62,-48.86
484.41,-260.99,-49.79
480.58,-176.76,-37.02
474.58,-258.98,-31.58
480.70,-173.66,-43.14
475.83,-257.33,-43.55
480.46,-174.63,-43.67
476.31,-258.50,-32.95
484.08,-259.63,-35.97
486.30,-260.91,-22.60
491.50,-349.42,-27.27
490.13,-180.55,-42.62
479.85,-262.53,-45.12
483.84,-176.96,-20.34
477.32,-258.46,-23.28
480.26,-172.94,-31.10
476.27,-255.88,-43.55
481.14,-255.92,-45.28
477.15,-174.75,-67.27
476.87,-257.81,-64.69
476.63,-175.35,-65.58
472.60,-258.74,-44.39
480.34,-176.56,-30.09
476.79,-258.98,-34.56
480.05,-174.87,-45.12
476.11,-174.91,-45.24
481.30,-92.53,-53.25
477.52,-176.56,-52.93
481.34,-175.76,-41.21
477.07,-257.73,-53.58
480.78,-257.13,-63.20
476.55,-256.85,-56.76
481.46,-340.51,-36.38
483.60,-175.47,-46.00
492.78,-92.21,-42.66
496.65,-179.90,-44.79
495.56,-181.68,-53.54
483.00,-262.40,-52.29
476.03,-176.04,-30.45
473.85,-257.69,-23.49
476.23,-174.67,-36.98
473.61,-258.18,-50.27
481.22,-175.23,-51.48
476.47,-257.81,-43.22
476.67,-175.51,-38.35
472.52,-256.81,-47.33
472.56,-257.41,-33.72
477.24,-257.33,-30.33
478.24,-91.72,-29.61
482.19,-92.49,-44.19
480.46,-174.55,-46.85
480.30,-175.07,-47.37
473.49,-258.94,-39.48
481.34,-176.04,-32.39
484.61,-258.22,-34.84
479.89,-340.11,-43.51
479.61,-257.97,-43.47
475.83,-175.11,-49.55
480.58,-175.31,-44.19
477.48,-92.37,-55.35
481.02,-92.25,-42.62
480.90,-175.31,-38.59
480.10,-174.31,-39.76
472.56,-257.33,-40.44
481.02,-173.74,-46.77
476.63,-256.77,-48.46
480.58,-174.79,-47.33
477.19,-175.63,-34.93
480.74,-92.41,-47.13
483.76,-92.73,-44.31
479.41,-258.70,-44.15
481.14,-256.52,-46.08
477.48,-256.72,-55.99
480.90,-256.93,-48.90
476.87,-257.81,-57.28
482.15,-340.76,-49.95
481.79,-173.54,-44.96
480.62,-257.29,-32.35
484.73,-175.43,-51.56
476.95,-257.89,-56.72
472.48,-174.43,-40.40
471.96,-257.53,-25.42
476.15,-174.10,-42.10
480.74,-175.03,-41.89
480.18,-256.93,-42.70
472.56,-339.99,-58.05
476.23,-341.12,-53.33
481.34,-175.68,-41.73
480.90,-257.81,-40.12
483.88,-173.42,-20.22
484.77,-174.02,-25.94
480.22,-92.41,-24.01
481.14,-92.41,-35.17
481.02,-175.23,-44.71
476.51,-340.03,-51.08
476.59,-257.73,-49.39
477.11,-175.43,-58.17
480.54,-258.70,-46.16
479.81,-174.67,-32.27
479.93,-257.45,-28.92
484.24,-174.51,-21.59
477.96,-258.22,-25.22
473.69,-174.31,-19.38
472.88,-257.17,-26.22
476.91,-174.22,-41.81
472.97,-257.29,-50.64
481.02,-173.82,-58.73
476.71,-256.44,-50.19
480.66,-174.10,-51.48
477.64,-175.43,-49.19
481.55,-92.69,-49.75
485.37,-92.13,-52.37
480.50,-258.09,-31.06
480.50,-258.26,-34.00
480.86,-261.24,-34.00
491.70,-264.18,-33.76
488.31,-264.66,-22.60
487.51,-346.60,-25.06
483.04,-175.47,-26.79
481.67,-258.22,-32.47
476.71,-257.37,-42.42
477.60,-257.73,-49.19
477.64,-91.77,-52.13
478.00,-258.66,-42.06
476.31,-175.63,-36.50
471.80,-258.05,-30.29
480.78,-174.87,-28.00
476.71,-258.09,-27.55
480.34,-175.80,-51.88
476.51,-174.91,-52.41
481.06,-174.39,-37.75
476.43,-92.21,-32.27
482.35,-92.81,-38.51
485.45,-181.76,-59.26
498.42,-267.60,-56.24
497.34,-269.13,-47.49
497.09,-353.24,-27.03
490.29,-178.82,-35.77
480.70,-259.14,-41.89
482.31,-174.91,-49.51
476.91,-258.46,-55.39
480.38,-176.56,-56.68
481.18,-259.46,-45.28
484.73,-175.92,-37.71
484.89,-175.88,-35.21
480.74,-175.59,-48.38
476.19,-340.63,-50.19
476.43,-175.92,-43.95
473.17,-258.78,-35.77
480.66,-175.43,-28.96
484.41,-175.72,-27.88
483.72,-94.02,-25.18
484.04,-93.38,-25.66
480.05,-175.84,-37.14
480.34,-175.63,-57.44
475.22,-257.57,-69.61
479.65,-173.46,-59.98
476.67,-256.89,-51.28
481.06,-173.78,-45.36
476.83,-174.31,-30.37
480.78,-257.25,-23.44
480.86,-174.47,-26.87
480.62,-258.34,-35.01
483.80,-175.55,-49.63
483.80,-176.76,-50.23
481.26,-92.37,-36.13
480.14,-91.44,-52.33
475.62,-175.35,-49.55
480.34,-175.92,-65.86
476.59,-175.68,-67.96
480.42,-258.18,-51.56
480.82,-175.68,-60.30
481.95,-258.86,-55.43
485.21,-173.86,-59.54
484.89,-173.66,-48.62
479.97,-91.48,-65.46
480.62,-93.58,-44.39
482.47,-178.17,-38.39
489.32,-177.73,-20.71
488.47,-266.63,-31.22
496.97,-181.56,-34.00
489.32,-263.33,-28.20
486.94,-177.29,-31.70
479.21,-259.02,-42.26
481.26,-174.63,-51.00
477.68,-257.57,-56.32
482.39,-175.59,-63.77
478.44,-258.90,-64.29
481.67,-175.72,-71.26
476.99,-174.47,-50.47
480.74,-258.01,-30.78
480.50,-174.39,-15.51
484.00,-91.77,-25.14
483.88,-175.27,-30.94
484.73,-174.47,-45.08
476.19,-256.48,-45.20
480.46,-174.67,-36.94
476.39,-258.09,-27.55
479.61,-174.51,-26.10
476.31,-174.55,-21.31
480.54,-92.57,-22.88
476.63,-174.75,-25.82
480.05,-175.19,-48.70
475.95,-259.06,-43.10
479.49,-175.80,-28.28
476.39,-257.65,-26.91
481.06,-174.91,-32.15
477.40,-258.34,-35.69
481.75,-259.75,-45.52
477.64,-258.34,-39.07
480.62,-340.47,-31.18
479.85,-175.59,-63.49
480.18,-259.10,-67.84
483.36,-174.31,-48.18
483.36,-174.39,-39.84
479.57,-91.52,-56.72
480.70,-92.89,-56.40
481.10,-175.80,-48.38
480.94,-175.47,-35.17
472.32,-259.22,-34.89
473.77,-258.66,-35.49
485.82,-347.93,-33.52
491.86,-351.79,-34.28
493.03,-266.59,-44.23
481.83,-178.74,-48.06
484.61,-178.62,-40.44
483.92,-264.50,-40.57
493.31,-262.53,-43.87
492.99,-262.61,-40.73
488.64,-177.04,-59.78
487.67,-93.34,-59.86
492.99,-95.51,-40.65
500.88,-93.38,-39.44
503.74,-177.04,-45.64
494.40,-346.68,-41.69
486.98,-261.64,-15.15
479.45,-259.02,-24.45
481.51,-257.57,-36.09
476.87,-173.74,-31.26
476.63,-256.48,-19.90
477.96,-174.51,-18.25
472.44,-258.42,-27.35
472.48,-258.62,-47.33
476.31,-340.84,-52.09
476.67,-341.36,-42.22
480.01,-256.81,-30.62
480.90,-257.25,-33.68
485.61,-174.67,-38.87
491.82,-177.89,-37.95
496.81,-93.66,-32.15
498.38,-93.82,-35.77
489.48,-176.64,-33.96
483.52,-177.97,-35.01
476.91,-259.26,-28.32
482.79,-174.79,-55.87
477.92,-257.85,-63.65
481.51,-174.59,-54.91
477.68,-257.97,-50.80
481.02,-258.58,-51.52
476.23,-176.04,-45.00
479.97,-91.56,-24.01
480.50,-173.94,-26.30
480.70,-174.22,-67.51
472.16,-256.44,-71.82
480.10,-174.55,-57.69
476.23,-258.70,-39.64
480.50,-175.35,-36.30
476.23,-258.58,-37.66
480.86,-259.18,-45.76
477.19,-175.96,-48.58
475.83,-257.09,-41.89
474.74,-175.27,-36.94
479.37,-92.69,-36.42
479.77,-175.72,-41.33
472.84,-256.72,-20.42
476.31,-339.14,-17.48
479.53,-173.94,-40.73
479.61,-258.26,-55.83
482.92,-175.03,-64.01
475.54,-257.05,-53.94
479.73,-173.38,-52.53
475.74,-256.81,-39.68
476.11,-172.90,-34.08
473.05,-256.20,-30.82
473.29,-257.25,-68.08
477.24,-340.59,-72.63
477.56,-340.88,-58.09
477.32,-258.42,-43.95
480.54,-92.85,-49.87
483.88,-175.63,-51.20
475.99,-340.80,-37.79
476.47,-341.44,-35.85
476.75,-257.13,-50.68
476.79,-339.75,-57.65
476.27,-175.07,-54.50
471.92,-259.06,-44.15
472.12,-257.81,-41.05
476.83,-174.02,-33.07
476.91,-173.74,-26.18
481.02,-174.79,-48.74
477.03,-258.05,-50.84
481.46,-259.46,-54.74
477.40,-175.39,-47.70
476.67,-258.78,-43.79
476.55,-175.35,-48.70
473.37,-258.42,-43.30
473.61,-258.01,-41.98
477.07,-340.43,-36.25
479.73,-174.10,-31.26
479.45,-257.17,-32.87
483.92,-175.31,-37.38
476.59,-257.65,-40.69
479.65,-175.19,-44.47
476.11,-258.94,-47.45
481.95,-174.55,-40.24
478.08,-173.74,-48.58
480.82,-256.44,-53.86
480.34,-173.58,-57.36
480.70,-256.85,-57.93
483.00,-175.35,-64.78
483.88,-175.80,-52.13
480.22,-93.90,-69.85
481.34,-93.82,-59.90
481.34,-175.84,-42.94
477.64,-340.80,-35.33
477.32,-257.61,-45.00
476.71,-257.77,-46.77
483.40,-174.79,-51.44
491.86,-263.01,-51.52
489.80,-347.00,-46.08
485.65,-262.16,-21.95
478.20,-259.18,-20.99
480.86,-258.30,-25.90
476.95,-176.28,-42.14
481.06,-91.89,-32.91
476.27,-173.78,-21.11
479.57,-172.86,-45.16
476.27,-173.46,-45.12
480.58,-92.73,-36.25
484.73,-93.94,-38.23
481.46,-259.67,-43.18
481.95,-258.98,-51.68
477.28,-259.38,-48.26
480.22,-258.82,-44.47
476.71,-339.59,-35.97
486.90,-256.56,-32.31
490.37,-263.41,-38.99
495.16,-181.07,-39.28
485.29,-261.36,-30.33
484.32,-173.90,-37.14
478.00,-256.36,-35.93
481.63,-172.86,-62.76
477.68,-257.45,-66.10
481.67,-258.05,-60.55
477.56,-175.43,-57.00
480.34,-93.22,-39.52
480.54,-176.28,-32.67
481.18,-175.59,-27.47
473.01,-258.50,-31.30
481.30,-173.86,-33.88
478.52,-257.09,-35.33
481.63,-175.39,-39.80
477.03,-257.81,-44.96
481.26,-258.13,-50.68
477.48,-175.84,-54.14
477.64,-257.17,-44.43
477.28,-174.39,-41.81
473.93,-257.89,-40.12
481.55,-174.95,-42.38
477.80,-257.53,-44.67
481.63,-174.99,-46.61
477.28,-176.00,-51.68
479.93,-175.23,-46.77
475.70,-91.64,-60.26
476.39,-256.77,-51.24
475.83,-174.63,-58.89
480.01,-174.67,-51.04
480.26,-175.72,-57.44
480.34,-342.61,-53.62
479.65,-176.08,-25.58
479.17,-258.30,-15.39
475.87,-257.93,-17.93
476.27,-258.70,-30.62
476.47,-92.81,-43.91
480.42,-91.93,-35.81
479.69,-173.86,-25.82
479.93,-173.14,-19.34
472.08,-256.64,-33.72
480.30,-173.34,-59.50
477.03,-256.77,-64.17
480.58,-174.79,-61.67
477.15,-176.52,-58.01
481.14,-92.65,-45.00
477.07,-175.31,-43.06
480.78,-174.91,-23.40
477.48,-257.73,-37.79
480.94,-256.97,-36.78
477.60,-257.01,-63.08
483.00,-342.53,-60.02
484.73,-348.25,-55.83
491.62,-264.98,-45.04
485.73,-179.58,-43.95
484.45,-176.44,-34.93
478.44,-92.33,-24.41
482.15,-91.72,-43.91
481.99,-175.19,-50.31
478.81,-342.97,-42.02
480.54,-343.86,-36.58
481.51,-260.95,-20.95
483.48,-342.25,-20.50
481.99,-176.36,-26.95
486.10,-94.06,-47.66
484.12,-175.31,-46.04
483.92,-174.75,-48.98
475.58,-257.49,-49.19
479.89,-175.07,-33.03
477.80,-259.26,-39.76
481.10,-259.38,-43.51
476.87,-258.66,-53.38
481.02,-341.48,-51.36
480.90,-174.83,-49.02
477.28,-257.21,-41.29
473.53,-256.64,-39.16
477.11,-256.60,-36.01
476.75,-90.68,-31.94
481.18,-92.53,-43.02
481.14,-175.88,-46.25
480.34,-176.92,-39.68
472.92,-259.75,-38.87
480.78,-176.52,-22.88
476.87,-258.13,-26.79
481.51,-176.04,-31.14
477.60,-176.24,-46.93
481.42,-92.77,-38.39
484.85,-91.97,-37.62
480.30,-257.29,-33.44
480.30,-257.25,-57.56
477.07,-258.62,-64.94
478.08,-175.07,-72.43
474.66,-257.61,-55.47
473.49,-258.22,-39.64
476.15,-175.31,-42.26
484.45,-175.31,-52.41
484.20,-175.72,-57.73
484.16,-93.58,-45.24
484.85,-176.08,-35.81
484.73,-176.00,-35.81
475.30,-258.86,-38.39
479.69,-175.80,-54.95
476.63,-256.85,-57.08
480.74,-174.35,-47.66
477.24,-173.86,-55.31
481.51,-256.40,-53.66
477.32,-341.40,-47.17
476.15,-258.26,-31.94
475.78,-257.41,-29.93
484.53,-173.70,-26.47
476.15,-256.52,-30.17
472.12,-174.55,-29.53
472.56,-257.85,-34.20
477.60,-176.16,-45.48
474.01,-259.46,-48.50
481.75,-175.96,-39.07
477.72,-258.82,-41.29
477.64,-176.28,-43.06
477.15,-258.22,-50.47
476.11,-340.88,-41.33
476.71,-339.51,-35.57
477.60,-174.27,-25.38
477.24,-257.61,-26.95
472.64,-340.84,-29.41
476.67,-258.18,-33.15
477.11,-175.80,-25.02
480.62,-258.26,-23.12
479.57,-174.14,-25.58
480.82,-257.73,-34.12
484.77,-175.07,-33.72
475.66,-257.73,-33.31
479.69,-174.83,-38.91
476.55,-258.54,-42.78
481.55,-259.30,-42.94
477.80,-258.98,-48.06
481.67,-341.48,-44.31
480.38,-175.15,-51.00
484.08,-93.13,-55.23
480.34,-93.34,-60.55
479.93,-92.73,-52.77
475.78,-174.59,-52.49
479.33,-174.47,-49.19
475.83,-258.62,-54.50
476.47,-174.59,-49.63
473.13,-256.68,-50.88
473.45,-255.72,-48.98
481.55,-344.46,-58.49
490.81,-179.90,-73.11
486.62,-262.97,-62.96
477.88,-261.16,-62.72
479.29,-259.67,-44.39
478.36,-91.24,-47.94
481.55,-91.00,-45.24
481.02,-172.73,-46.69
480.70,-173.50,-59.58
472.28,-257.69,-61.63
480.10,-174.67,-77.71
484.00,-257.37,-64.57
484.00,-175.23,-68.68
484.08,-93.46,-49.79
483.52,-174.95,-42.82
484.85,-175.72,-38.83
477.56,-258.78,-39.92
473.33,-176.48,-50.52
473.33,-259.10,-53.42
475.83,-175.55,-54.42
471.19,-258.09,-48.58
480.74,-177.45,-66.71
485.29,-259.87,-62.84
484.49,-175.96,-72.51
479.93,-257.93,-57.69
486.42,-174.51,-72.03
491.29,-176.88,-65.46
488.80,-93.90,-78.51
484.97,-93.70,-60.18
483.68,-176.08,-52.89
483.12,-176.20,-36.13
473.41,-258.94,-35.05
480.14,-176.04,-48.30
484.49,-258.66,-44.75
483.96,-176.08,-46.08
479.49,-258.58,-40.12
486.62,-174.59,-28.48
481.06,-258.62,-33.27
484.16,-176.68,-32.27
478.20,-260.07,-37.50
481.26,-259.63,-49.95
477.80,-343.17,-49.43
480.90,-258.70,-43.22
475.46,-258.05,-40.32
480.30,-175.15,-49.75
477.07,-175.51,-43.95
480.98,-175.55,-26.87
476.87,-91.97,-26.39
480.50,-92.65,-36.70
480.18,-175.72,-34.84
476.51,-342.33,-30.57
476.63,-341.60,-39.48
476.71,-257.45,-43.10
480.86,-339.31,-41.13
480.78,-174.43,-38.99
484.45,-92.05,-42.02
484.93,-176.36,-43.55
485.21,-176.28,-31.14
477.64,-259.38,-28.80
480.38,-174.75,-32.55
481.26,-257.33,-30.33
481.63,-174.35,-30.17
477.84,-261.80,-30.13
493.47,-178.45,-27.47
493.35,-264.94,-29.29
493.15,-179.26,-20.22
482.75,-178.33,-18.33
483.92,-176.32,-27.07
478.44,-91.93,-19.01
481.10,-91.44,-38.67
480.86,-174.51,-51.48
480.38,-174.27,-53.66
480.74,-173.50,-32.19
481.38,-174.51,-16.40
481.83,-340.84,-26.75
477.88,-340.96,-35.81
481.42,-259.18,-46.12
476.71,-176.68,-50.60
481.51,-175.92,-48.42
477.84,-91.93,-65.62
480.54,-92.29,-50.84
479.65,-176.08,-42.42
479.77,-176.44,-43.91
479.69,-91.60,-57.16
480.05,-91.81,-64.13
480.90,-91.12,-35.81
476.39,-174.27,-34.36
480.05,-172.94,-48.98
475.70,-172.81,-47.09
479.17,-90.88,-44.79
483.60,-91.68,-43.71
481.14,-258.66,-41.73
481.59,-256.97,-38.35
481.63,-257.49,-35.41
480.78,-174.02,-41.45
481.18,-91.00,-39.56
481.06,-174.55,-29.85
481.34,-174.71,-42.86
477.32,-258.50,-41.45
480.78,-175.92,-40.57
476.87,-259.50,-46.12
480.66,-258.22,-51.16
477.44,-341.44,-45.64
481.59,-258.70,-29.65
482.19,-258.42,-28.88
477.28,-340.72,-35.33
476.43,-257.45,-42.98
477.32,-174.91,-38.31
481.95,-175.03,-35.21
477.96,-257.81,-31.14
481.42,-258.62,-50.96
480.22,-258.66,-53.94
483.88,-174.02,-60.22
484.37,-174.22,-51.24
481.26,-174.95,-55.91
480.90,-341.04,-51.97
480.14,-175.63,-67.72
484.49,-92.97,-57.52
480.50,-94.06,-65.26
480.38,-92.49,-55.03
483.44,-91.32,-44.51
479.93,-258.34,-43.99
480.42,-256.72,-58.13
476.51,-257.01,-58.33
480.42,-256.85,-44.96
477.03,-258.58,-27.92
481.26,-341.12,-29.69
480.78,-175.55,-43.87
477.11,-258.22,-43.43
472.32,-258.13,-60.55
477.64,-257.69,-50.23
480.70,-92.25,-39.76
485.13,-91.93,-43.83
485.73,-174.47,-48.94
485.33,-173.90,-64.78
476.87,-257.53,-54.42
480.58,-176.80,-54.66
485.33,-259.91,-49.75
485.41,-176.56,-43.10
484.93,-93.90,-42.18
480.90,-177.00,-41.13
480.30,-175.55,-46.89
476.51,-258.46,-47.53
480.78,-176.96,-18.17
476.75,-259.38,-31.90
479.97,-258.78,-39.36
476.43,-259.02,-38.35
481.22,-174.75,-37.87
476.67,-174.59,-42.58
480.98,-174.43,-51.32
477.15,-257.45,-48.82
472.76,-257.53,-51.00
476.31,-257.49,-50.56
477.40,-91.40,-54.50
481.14,-92.61,-38.35
480.42,-175.39,-29.81
480.26,-174.18,-50.43
472.60,-256.00,-52.25
481.79,-174.31,-56.64
485.69,-257.97,-47.33
484.00,-174.99,-45.16
484.28,-90.80,-43.47
485.21,-174.43,-44.23
482.75,-259.14,-40.20
487.51,-262.61,-38.51
487.51,-93.78,-32.07
486.86,-94.14,-46.00
483.04,-175.39,-57.65
481.67,-176.56,-67.68
473.05,-259.14,-57.60
480.42,-174.71,-59.86
476.03,-257.65,-51.52
480.46,-173.34,-33.60
476.83,-174.43,-41.61
480.70,-175.39,-45.40
476.27,-92.97,-42.46
480.66,-92.21,-54.54
480.98,-175.43,-58.45
480.58,-174.35,-64.53
481.02,-91.04,-52.85
480.70,-91.04,-30.13
479.57,-256.12,-26.87
479.97,-172.81,-49.91
484.16,-90.03,-48.74
484.65,-173.06,-45.68
485.21,-174.39,-46.69
477.52,-257.93,-44.59
480.94,-176.48,-29.85
476.83,-258.18,-20.26
480.30,-258.70,-32.99
476.95,-258.54,-45.08
480.46,-175.47,-40.00
476.27,-174.79,-35.53
480.38,-173.94,-25.86
477.56,-258.26,-30.70
482.31,-259.30,-36.62
482.75,-177.85,-30.62
489.00,-94.87,-46.41
486.78,-178.05,-49.43
479.57,-344.18,-48.18
477.92,-259.06,-32.59
477.24,-175.19,-29.77
481.67,-258.05,-32.63
481.46,-174.06,-32.43
481.30,-257.13,-32.83
483.96,-173.74,-44.63
476.79,-257.81,-43.47
473.53,-174.43,-26.67
476.83,-91.85,-44.27
481.18,-174.95,-52.61
480.54,-175.80,-78.15
472.68,-259.14,-65.86
480.30,-176.76,-69.89
476.55,-258.90,-51.97
481.55,-176.32,-55.03
477.15,-258.13,-39.16
481.14,-258.82,-29.81
477.40,-341.72,-31.94
481.30,-258.82,-42.26
481.22,-258.13,-42.86
479.77,-174.75,-62.92
479.65,-91.20,-56.56
480.05,-91.64,-68.00
481.34,-92.05,-56.80
484.41,-174.10,-47.21
480.98,-340.68,-42.46
481.42,-258.34,-42.58
477.96,-258.42,-42.10
481.46,-174.75,-35.97
476.71,-257.85,-37.58
480.38,-174.67,-63.20
476.55,-257.65,-60.47
480.62,-174.63,-55.43
476.07,-257.89,-36.70
480.14,-175.47,-34.12
476.75,-258.66,-36.21
481.51,-176.96,-31.66
477.32,-258.54,-23.81
481.06,-257.65,-30.33
477.15,-175.11,-23.28
476.43,-258.05,-26.14
476.71,-175.68,-25.94
473.45,-258.26,-30.37
480.66,-174.67,-45.80
476.27,-257.57,-47.09
481.14,-173.42,-46.49
476.63,-174.06,-30.74
479.85,-175.31,-24.45
476.19,-93.58,-18.25
480.78,-93.62,-55.87
480.58,-176.04,-64.41
477.19,-341.64,-59.74
478.36,-258.34,-48.62
477.72,-257.61,-49.83
480.94,-174.91,-46.45
477.32,-259.38,-44.63
484.73,-176.84,-47.37
485.61,-259.79,-40.40
487.79,-175.68,-35.01
486.34,-175.84,-35.09
482.27,-93.50,-51.28
481.91,-92.69,-44.27
481.55,-175.51,-28.68
481.63,-175.43,-35.89
473.25,-258.94,-32.83
479.85,-174.06,-48.14
475.70,-256.48,-49.43
480.42,-174.27,-48.86
476.55,-258.09,-39.92
481.30,-258.42,-31.14
477.60,-176.24,-40.73
481.22,-92.69,-38.99
476.47,-175.43,-27.51
480.01,-257.93,-30.41
476.99,-258.58,-56.88
480.14,-339.27,-65.78
480.86,-172.37,-59.82
480.98,-255.80,-39.52
477.07,-258.26,-31.26
476.51,-258.30,-35.21
477.24,-92.25,-31.50
480.94,-92.25,-45.52
481.55,-175.03,-46.73
477.72,-341.04,-35.81
477.44,-258.90,-32.59
477.28,-175.39,-24.45
480.98,-258.05,-21.99
481.22,-175.88,-21.79
479.85,-259.02,-30.62
476.23,-258.66,-27.71
476.51,-258.42,-29.17
476.43,-257.37,-33.31
480.42,-256.97,-53.01
477.19,-256.60,-45.72
481.42,-257.01,-44.43
477.28,-340.76,-41.61
482.47,-258.30,-63.16
478.08,-258.42,-64.29
480.74,-174.22,-62.92
480.05,-256.93,-47.25
484.04,-174.43,-52.17
484.65,-174.63,-49.11
480.98,-258.42,-32.87
473.41,-259.75,-18.09
473.17,-259.63,-18.53
472.88,-341.92,-21.91
477.56,-258.70,-32.59
477.24,-258.46,-32.75
481.10,-176.08,-38.63
475.58,-258.46,-35.77
480.10,-175.92,-33.35
477.32,-258.66,-42.70
487.23,-260.59,-56.48
487.19,-347.97,-55.95
495.16,-265.10,-26.59
488.31,-263.45,-28.92
487.55,-178.94,-42.66
479.93,-177.73,-34.68
481.75,-260.19,-27.55
481.91,-175.84,-26.35
484.69,-91.16,-32.87
484.24,-173.82,-38.11
484.49,-175.63,-43.63
485.29,-174.63,-46.77
481.51,-91.48,-54.46
481.55,-91.08,-43.22
476.63,-173.74,-47.09
480.38,-175.19,-40.97
477.84,-175.51,-58.73
483.72,-259.14,-49.47
482.83,-176.92,-41.05
481.51,-259.58,-46.00
484.20,-175.39,-38.63
484.16,-175.23,-40.16
480.70,-92.17,-52.77
482.15,-92.81,-41.77
487.43,-180.55,-26.26
489.80,-179.82,-50.64
480.42,-261.76,-49.71
484.20,-176.56,-68.48
478.28,-258.62,-62.16
477.32,-175.63,-69.17
476.87,-258.66,-53.21
484.81,-175.96,-64.49
484.53,-175.27,-61.27
481.55,-90.72,-64.45
482.19,-91.00,-42.94
481.71,-175.11,-33.76
480.78,-175.31,-14.18
481.02,-93.82,-33.07
480.66,-94.22,-31.50
480.86,-259.99,-29.37
481.06,-175.19,-37.95
480.66,-257.01,-42.58
477.15,-341.36,-46.89
476.99,-259.06,-39.40
480.26,-259.99,-38.51
489.88,-177.25,-33.72
487.83,-261.96,-37.06
484.20,-179.02,-39.56
476.55,-259.75,-44.71
474.74,-258.09,-58.61
477.56,-258.05,-55.15
481.51,-93.09,-72.47
484.61,-92.53,-59.70
484.37,-175.72,-52.33
484.37,-175.92,-50.76
485.53,-175.76,-44.63
487.99,-177.13,-31.90
492.26,-346.80,-25.98
489.24,-178.29,-37.14
487.99,-94.67,-53.54
481.71,-94.22,-48.42
481.38,-93.34,-40.44
485.13,-91.93,-37.22
480.86,-258.01,-35.17
480.10,-258.22,-53.78
479.89,-258.90,-49.71
480.90,-174.47,-33.88
473.21,-256.40,-39.36
473.41,-258.86,-59.46
477.40,-341.96,-54.02
480.38,-176.08,-36.13
483.76,-91.56,-48.34
483.32,-174.06,-48.58
484.00,-173.82,-32.95
485.17,-175.47,-35.01
480.94,-92.05,-48.06
481.06,-93.54,-54.79
480.98,-176.36,-47.78
482.27,-175.51,-37.99
474.09,-257.57,-39.64
481.30,-175.31,-28.68
476.59,-258.01,-31.10
480.50,-174.91,-30.25
476.35,-257.65,-43.34
481.46,-257.33,-44.59
477.15,-175.07,-58.41
476.75,-259.06,-42.86
476.63,-175.96,-40.36
472.28,-258.82,-46.57
472.88,-258.70,-32.03
477.44,-341.44,-27.76
480.90,-175.88,-31.62
476.67,-257.81,-37.54
472.76,-257.61,-44.19
477.03,-257.57,-45.72
477.15,-92.57,-46.29
481.30,-93.18,-55.03
480.98,-176.60,-55.51
480.22,-175.68,-37.87
479.69,-175.84,-28.76
480.22,-175.80,-32.39
480.78,-339.91,-45.20
480.46,-173.94,-45.60
481.18,-257.93,-48.86
484.89,-174.87,-17.81
485.53,-175.92,-17.52
481.51,-94.06,-34.97
481.55,-92.57,-42.82
477.24,-174.47,-35.89
480.50,-256.77,-16.07
476.83,-256.72,-26.51
480.78,-340.03,-42.86
480.82,-175.03,-49.55
485.29,-92.05,-47.41
481.06,-91.81,-54.95
480.46,-91.36,-49.11
484.16,-90.56,-48.74
481.42,-257.57,-33.35
486.30,-260.11,-21.75
488.96,-264.86,-18.01
489.12,-180.87,-25.30
487.91,-95.39,-49.95
484.41,-90.36,-56.11
482.47,-90.31,-46.77
478.08,-174.67,-50.23
482.15,-175.15,-31.70
476.79,-257.33,-40.40
479.81,-257.05,-53.29
476.47,-175.59,-57.73
477.52,-258.58,-38.71
477.03,-175.88,-24.45
472.48,-257.69,-18.49
480.46,-174.22,-14.99
490.33,-261.28,-24.65
492.30,-179.50,-26.26
485.78,-262.12,-34.40
487.59,-176.56,-32.19
478.89,-259.30,-31.34
487.35,-176.24,-25.94
492.34,-264.34,-28.28
492.30,-180.63,-36.94
479.45,-262.65,-41.45
484.24,-176.80,-59.18
478.69,-258.78,-56.11
481.63,-175.39,-50.88
476.83,-175.84,-38.19
480.01,-175.80,-30.53
476.51,-92.97,-30.17
476.39,-257.81,-33.52
472.52,-340.27,-32.87
476.75,-340.72,-34.36
477.40,-340.84,-36.50
481.75,-257.45,-55.55
477.24,-258.42,-56.03
481.22,-175.47,-55.71
477.15,-175.35,-56.36
480.74,-175.27,-46.93
476.83,-91.28,-48.38
476.23,-256.12,-41.33
481.02,-173.94,-25.50
478.40,-258.50,-26.71
482.39,-175.07,-24.09
477.96,-257.45,-30.01
478.08,-175.03,-16.64
473.33,-258.50,-22.68
473.45,-257.73,-34.76
477.19,-257.57,-44.35
479.97,-91.81,-37.02
484.77,-92.61,-47.94
485.53,-176.16,-53.46
485.25,-175.31,-58.69
476.83,-258.26,-46.49
479.81,-175.55,-28.88
476.35,-258.30,-19.05
480.86,-174.59,-21.55
476.67,-174.79,-46.61
480.66,-174.95,-54.70
480.30,-92.53,-59.38
480.30,-258.30,-49.39
485.45,-174.87,-45.08
477.56,-258.34,-39.16
473.05,-258.86,-49.19
472.48,-341.44,-58.01
476.99,-174.95,-56.76
472.92,-257.21,-45.84
472.12,-257.25,-46.97
475.54,-258.13,-48.18
476.43,-259.46,-32.39
481.30,-258.66,-25.06
477.52,-258.01,-35.41
480.70,-257.01,-42.54
476.27,-340.43,-52.41
480.05,-257.77,-57.36
475.95,-258.42,-56.03
481.30,-175.07,-51.20
478.24,-176.24,-39.48
480.94,-257.77,-42.02
479.89,-173.46,-56.96
479.97,-255.76,-64.01
476.71,-340.96,-53.54
473.25,-342.41,-33.39
473.69,-175.72,-26.51
479.37,-263.25,-31.14
484.89,-350.38,-39.24
488.76,-265.35,-39.32
483.28,-177.49,-28.36
483.68,-258.78,-27.92
481.63,-174.67,-42.78
480.70,-256.52,-48.18
484.73,-174.59,-55.39
476.59,-257.61,-55.19
474.13,-174.87,-58.45
474.38,-259.02,-48.42
481.95,-258.42,-40.32
476.79,-258.46,-56.84
480.78,-341.40,-66.87
478.04,-341.24,-57.56
482.87,-259.46,-37.58
477.72,-175.51,-40.12
479.45,-174.87,-41.33
474.94,-91.85,-54.18
479.53,-92.21,-42.06
479.93,-175.55,-42.90
480.38,-175.19,-52.81
472.84,-258.26,-53.90
481.71,-175.31,-56.88
477.07,-257.77,-49.51
480.50,-174.43,-40.97
476.11,-175.59,-37.75
480.98,-176.12,-41.69
477.76,-92.01,-54.10
481.99,-92.25,-48.70
482.79,-175.72,-43.91
478.97,-342.33,-31.30
477.24,-341.64,-37.95
476.31,-257.89,-31.30
480.50,-341.00,-30.94
481.55,-175.88,-48.26
482.19,-259.79,-45.96
477.60,-259.46,-35.01
476.43,-258.82,-33.88
476.87,-259.22,-30.13
479.89,-258.98,-29.33
476.71,-258.62,-34.84
480.74,-258.05,-52.89
477.03,-258.13,-39.32
481.18,-341.96,-30.66
477.24,-341.56,-43.71
481.06,-259.58,-35.53
476.87,-175.55,-47.49
479.81,-174.91,-48.94
475.99,-91.97,-73.88
480.54,-90.96,-53.42
480.78,-174.35,-46.41
477.19,-341.32,-37.30
477.28,-341.76,-39.28
478.56,-257.21,-54.46
489.24,-173.66,-46.45
491.37,-179.14,-39.96
493.99,-180.43,-28.84
483.44,-177.49,-38.43
484.00,-175.72,-40.81
478.64,-259.02,-37.30
485.73,-260.35,-36.13
488.96,-266.35,-35.61
496.85,-268.53,-27.92
489.96,-266.19,-33.84
487.19,-345.31,-46.89
483.28,-174.55,-38.91
477.80,-258.30,-36.25
480.66,-175.47,-54.95
476.51,-257.89,-53.25
480.10,-174.75,-56.03
477.15,-257.61,-52.85
481.18,-175.39,-44.11
485.33,-175.19,-50.19
480.94,-175.96,-59.46
480.62,-341.52,-54.87
480.62,-175.39,-34.93
476.39,-257.33,-21.31
480.54,-173.98,-24.45
477.64,-257.53,-37.66
481.46,-175.51,-61.35
476.91,-258.38,-51.20
482.51,-259.99,-31.26
485.21,-262.89,-20.46
490.33,-349.86,-31.82
484.45,-348.01,-38.07
482.63,-262.97,-41.61
479.89,-177.04,-42.78
482.55,-176.32,-35.65
481.95,-93.22,-24.81
485.94,-93.34,-47.29
485.53,-176.04,-54.42
484.65,-175.76,-76.01
475.70,-257.85,-60.42
479.49,-174.55,-63.37
476.75,-258.54,-48.58
481.30,-176.36,-35.25
476.63,-175.27,-55.27
481.26,-257.13,-60.71
480.18,-173.22,-51.08
483.80,-89.95,-40.57
483.36,-172.90,-31.94
483.64,-174.67,-40.77
475.66,-258.50,-35.05
479.25,-175.07,-32.55
476.27,-257.45,-31.74
481.46,-175.31,-30.86
477.96,-175.43,-56.88
481.87,-92.73,-55.91
484.69,-92.61,-46.53
480.98,-258.26,-37.26
477.64,-258.42,-28.36
488.43,-91.72,-33.56
496.41,-179.70,-42.90
498.26,-179.50,-65.90
483.92,-260.59,-58.85
484.24,-176.52,-60.67
477.72,-259.46,-50.92
480.30,-175.47,-40.04
475.87,-175.72,-40.69
480.70,-175.84,-44.27
476.67,-258.90,-37.71
481.38,-257.97,-45.88
476.99,-258.26,-54.46
481.38,-257.61,-48.18
476.79,-340.51,-46.57