473.09,1.45,-304.50
472.88,1.93,-350.91
477.72,0.52,-264.06
477.03,0.81,-307.40
476.87,1.65,-306.56
481.14,1.29,-256.40
473.53,0.32,-211.04
473.73,2.46,-303.29
483.40,2.98,-299.83
477.80,2.01,-254.35
477.64,1.05,-303.53
481.91,1.61,-305.99
476.79,-1.09,-210.96
476.95,-0.04,-207.54
472.24,-0.08,-211.57
468.78,0.00,-213.22
469.38,-0.64,-212.01
478.73,2.66,-308.05
478.44,2.58,-264.30
478.60,2.66,-260.31
474.17,0.24,-266.23
484.97,0.60,-266.76
485.05,0.85,-258.98
479.17,-0.32,-255.03
480.98,-0.36,-251.97
478.73,-0.40,-208.18
473.81,0.89,-256.16
473.09,1.37,-255.48
473.45,-0.85,-256.97
474.54,-0.81,-211.25
474.54,0.64,-259.26
478.12,3.59,-306.11
477.64,3.18,-352.03
482.11,2.26,-312.56
473.81,0.85,-310.78
477.88,3.63,-309.42
483.08,3.79,-306.92
477.88,1.65,-214.87
472.80,2.18,-260.87
471.92,0.52,-254.27
471.15,-0.44,-253.14
472.16,-1.57,-256.48
473.65,-0.93,-258.05
477.60,0.81,-257.45
476.83,1.09,-257.41
476.15,2.26,-261.04
468.90,2.09,-218.62
473.17,2.09,-263.41
478.28,0.60,-260.59
482.35,2.09,-303.45
477.84,-0.04,-304.18
477.15,0.89,-253.26
467.57,2.58,-301.00
471.68,5.40,-348.93
479.61,3.79,-307.64
486.74,3.02,-313.44
484.69,1.37,-313.52
491.17,2.18,-353.24
485.94,2.09,-261.36
483.56,3.18,-302.81
478.12,2.74,-300.96
472.64,2.42,-306.03
472.52,3.63,-306.27
482.31,3.46,-312.32
478.12,2.98,-262.40
473.37,0.52,-214.02
472.84,2.30,-305.10
467.53,2.09,-295.07
476.55,3.59,-341.04
481.38,3.54,-293.46
477.48,1.81,-208.55
469.02,2.82,-258.46
479.49,3.87,-357.55
489.12,2.34,-358.44
493.79,1.53,-311.07
484.97,2.05,-355.42
480.38,3.22,-350.14
483.16,3.54,-303.65
478.36,1.53,-206.53
472.72,1.29,-253.06
477.64,2.82,-303.05
478.20,3.42,-299.51
478.08,4.39,-299.63
472.80,1.85,-304.02
468.78,2.14,-303.94
473.97,4.43,-350.54
477.36,1.41,-302.93
476.87,-0.20,-259.30
472.88,-0.48,-260.47
481.38,2.54,-345.39
480.98,0.56,-252.90
477.11,0.12,-208.79
473.45,0.20,-257.09
472.97,0.89,-258.62
472.08,-1.25,-257.05
471.92,0.24,-309.46
482.31,2.62,-348.45
478.40,2.05,-254.55
468.82,0.28,-257.69
475.70,-0.52,-260.03
481.30,0.36,-215.07
494.60,1.37,-218.94
494.68,1.69,-215.56
484.89,1.73,-211.93
479.65,2.58,-305.06
476.71,3.38,-310.42
469.98,2.26,-302.16
468.53,0.32,-303.21
472.84,1.53,-344.90
468.29,1.65,-301.28
468.94,1.29,-300.19
473.37,1.53,-350.06
482.55,0.97,-302.49
477.52,0.08,-209.79
472.32,0.68,-259.06
472.28,2.26,-308.81
476.75,3.26,-300.59
472.84,2.38,-209.19
472.56,3.46,-304.46
468.13,0.64,-307.48
472.97,2.14,-312.52
474.09,1.09,-268.29
481.79,1.61,-274.25
489.48,2.18,-366.01
494.27,3.26,-309.94
483.68,0.36,-212.01
475.02,0.97,-257.45
473.13,1.25,-254.91
472.52,0.60,-255.52
472.64,0.04,-252.54
472.52,-0.73,-254.59
468.33,-1.37,-258.38
473.01,1.37,-353.97
481.38,3.42,-301.00
477.11,0.28,-205.77
477.28,0.97,-211.33
480.05,2.09,-264.06
490.53,3.02,-314.69
489.40,1.85,-311.95
484.69,0.73,-259.63
471.68,-0.73,-258.66
469.86,0.08,-262.20
468.94,0.20,-257.97
474.09,0.00,-252.45
474.42,0.68,-343.78
482.79,1.45,-297.69
477.32,0.73,-208.26
472.08,1.17,-257.53
477.48,2.46,-350.38
478.89,2.66,-355.42
478.24,3.06,-354.73
472.88,1.69,-307.88
468.49,1.21,-301.96
473.61,1.13,-347.48
482.47,2.42,-300.83
476.99,0.48,-207.10
472.44,2.14,-257.21
471.96,3.10,-302.45
476.23,2.01,-296.77
477.56,1.69,-199.84
477.76,0.97,-206.77
474.17,0.73,-257.89
473.05,-0.60,-259.63
478.52,-0.68,-253.86
477.68,0.56,-258.26
482.39,2.82,-355.22
477.84,0.73,-257.85
478.24,2.22,-256.68
474.13,1.65,-258.26
483.32,2.62,-257.53
474.78,1.41,-257.49
468.65,0.60,-255.64
467.69,1.29,-305.75
467.93,1.17,-307.72
468.01,0.89,-259.46
467.85,1.05,-254.71
471.92,-0.44,-255.48
476.87,-2.09,-259.95
481.91,-0.73,-260.91
476.95,-0.28,-253.06
477.19,2.09,-296.52
469.66,-1.41,-200.69
474.13,2.14,-297.41
480.94,2.58,-312.84
485.94,2.22,-321.38
484.32,0.77,-269.90
478.36,1.05,-309.74
482.63,1.97,-304.70
483.20,2.34,-304.10
482.39,0.97,-256.97
477.03,0.08,-259.46
482.75,2.26,-353.28
477.72,0.85,-259.22
478.20,2.82,-304.14
473.69,0.36,-305.51
478.04,2.26,-352.40
477.80,3.06,-346.56
478.64,2.62,-297.25
478.81,2.14,-297.45
478.08,3.30,-345.43
481.71,3.10,-296.69
481.79,2.01,-250.00
477.64,0.56,-207.34
473.05,1.01,-212.49
478.04,3.59,-307.60
468.70,1.69,-304.46
473.13,2.46,-309.13
469.38,2.42,-310.50
478.60,3.75,-309.70
473.37,2.18,-305.75
473.13,2.58,-256.40
474.17,1.69,-263.41
481.67,2.34,-307.56
477.28,2.26,-303.70
473.13,2.66,-305.79
468.29,2.78,-307.52
467.65,1.73,-309.17
467.45,1.73,-308.05
472.52,3.83,-347.89
477.28,3.30,-350.14
473.49,0.77,-253.06
478.40,2.34,-301.80
473.21,2.34,-301.40
477.44,2.78,-300.79
473.01,1.29,-204.60
472.76,4.03,-299.22
472.92,4.23,-350.83
476.63,2.50,-349.01
476.39,2.14,-302.08
468.05,2.42,-297.49
477.72,2.86,-248.87
477.96,3.14,-299.55
481.99,3.06,-301.32
482.27,2.14,-349.54
481.46,1.65,-348.73
473.01,-0.68,-300.31
473.33,1.41,-303.01
473.65,1.45,-258.86
472.44,1.57,-211.77
468.17,1.29,-261.96
477.28,2.70,-302.61
477.56,2.50,-301.00
477.92,1.17,-251.69
477.52,4.11,-348.05
477.64,2.38,-306.60
483.08,3.71,-356.43
477.88,2.05,-258.18
482.71,3.63,-301.28
476.63,1.53,-252.09
475.91,2.09,-301.04
476.67,2.94,-300.15
477.03,2.82,-350.67
477.68,2.90,-349.58
487.71,2.09,-307.00
485.69,0.20,-211.29
475.99,0.44,-256.85
477.40,3.79,-349.90
480.62,2.90,-306.43
479.17,1.93,-258.66
482.23,1.09,-260.79
488.96,0.24,-308.29
491.86,-1.41,-219.42
490.89,1.77,-317.11
488.59,3.87,-311.03
487.35,4.27,-303.05
485.45,3.50,-209.55
474.54,1.89,-214.91
469.58,1.25,-250.52
467.77,2.74,-294.83
472.08,3.06,-343.01
476.79,1.29,-302.69
477.96,2.09,-355.18
484.41,1.45,-358.84
495.48,1.61,-317.71
498.34,1.57,-272.44
489.96,0.08,-220.75
484.32,0.48,-258.18
471.39,-0.48,-208.30
475.30,2.18,-304.90
474.50,1.21,-304.42
477.36,2.22,-349.05
472.36,1.77,-352.48
473.61,2.05,-355.02
473.89,-0.28,-261.72
477.32,1.13,-255.72
481.26,1.93,-256.68
481.91,2.30,-260.79
472.88,0.32,-214.59
473.53,0.24,-305.71
478.16,0.97,-306.64
478.32,1.45,-302.29
474.13,1.41,-297.33
477.84,1.41,-302.49
476.63,0.77,-352.20
473.69,-0.28,-258.98
482.35,2.46,-253.66
478.69,1.17,-208.10
482.51,2.01,-255.64
482.03,2.42,-259.63
477.72,0.77,-214.67
468.53,1.37,-262.73
468.57,-0.08,-301.96
472.56,1.37,-346.27
468.25,1.65,-302.61
468.13,2.74,-302.33
472.84,3.10,-301.88
477.40,2.86,-311.39
482.03,2.34,-263.13
482.96,2.70,-302.33
481.99,2.70,-254.67
472.60,0.89,-252.29
477.28,1.13,-251.85
477.72,0.48,-303.41
477.48,0.60,-305.51
472.00,1.33,-352.08
472.64,1.37,-260.87
478.52,4.27,-259.26
469.78,3.22,-260.03
477.72,2.82,-258.70
473.09,0.68,-258.66
468.61,0.89,-259.26
469.38,1.69,-313.40
472.97,1.45,-305.02
468.57,0.12,-254.23
472.72,0.28,-255.44
478.36,-0.24,-259.67
488.03,0.97,-262.53
492.30,0.48,-266.23
494.96,1.89,-315.18
490.61,0.60,-213.18
484.77,0.48,-208.06
477.68,-0.16,-249.43
475.66,1.33,-251.04
478.64,1.57,-257.89
468.53,0.28,-209.11
477.68,0.52,-259.30
482.11,0.93,-254.15
482.75,0.93,-261.52
482.43,2.38,-262.08
478.04,2.22,-301.16
477.36,0.85,-255.96
473.05,-0.89,-260.03
470.67,0.81,-262.32
482.31,2.18,-356.59
490.33,2.78,-356.95
491.74,2.78,-306.88
477.92,0.97,-258.13
471.39,-0.64,-257.77
474.82,-0.48,-311.07
473.65,-0.44,-265.02
473.05,-0.12,-263.05
473.37,2.18,-305.27
474.33,1.33,-305.79
474.09,0.97,-260.19
473.69,1.45,-303.70
473.57,1.29,-258.78
476.63,3.38,-356.51
482.59,2.30,-359.12
486.10,2.05,-359.00
477.32,0.60,-266.31
476.91,3.14,-260.95
470.31,2.05,-253.70
478.36,2.94,-306.07
481.71,2.74,-308.25
477.28,2.78,-261.04
477.15,3.02,-306.76
477.48,2.70,-309.29
478.24,0.60,-264.58
473.49,0.60,-311.63
477.40,-0.36,-260.27
477.92,1.41,-211.25
474.01,2.30,-258.09
474.21,2.14,-305.55
482.87,2.86,-349.70
478.64,2.98,-300.03
474.38,3.38,-301.08
465.79,-0.04,-303.82
469.14,1.13,-310.30
472.28,0.52,-352.72
468.61,-1.17,-259.38
473.13,0.64,-306.03
473.49,-0.97,-255.92
477.60,0.81,-255.03
473.37,1.29,-213.18
477.48,3.10,-307.97
475.99,1.25,-312.68
488.03,1.77,-361.82
490.89,0.16,-362.87
492.50,0.36,-360.74
480.30,-0.44,-263.21
479.57,2.66,-257.37
473.41,2.66,-253.14
481.51,3.06,-254.35
477.48,3.34,-346.72
477.36,0.48,-248.23
476.91,1.13,-260.71
472.20,1.05,-258.22
478.52,2.78,-349.09
473.45,1.05,-252.74
477.40,3.34,-252.33
468.05,2.58,-252.17
477.15,2.38,-249.80
473.61,1.05,-255.88
473.49,0.40,-247.66
474.25,0.24,-254.79
480.62,-0.04,-253.22
482.67,0.60,-266.67
493.99,3.10,-369.56
492.82,1.45,-273.72
493.15,1.29,-261.12
483.72,1.41,-257.57
481.18,3.91,-352.36
478.97,2.66,-256.28
478.16,1.93,-209.35
472.40,1.45,-251.89
467.61,-0.08,-305.75
473.29,1.69,-352.16
469.66,2.82,-352.28
479.01,3.18,-353.89
482.63,2.09,-304.46
481.91,1.65,-252.21
471.96,1.41,-255.03
477.64,3.50,-308.93
474.13,4.03,-351.39
477.76,4.27,-353.40
477.80,3.14,-302.20
473.37,1.17,-258.46
470.02,1.77,-307.68
483.72,3.50,-357.07
492.50,3.42,-353.81
490.17,-0.08,-249.07
482.35,-0.36,-202.99
474.86,1.21,-202.87
473.85,2.78,-253.02
482.63,3.79,-299.47
474.54,2.82,-302.93
473.41,3.18,-302.97
467.93,2.34,-307.97
472.44,2.54,-354.69
473.25,2.98,-346.96
482.75,2.58,-346.92
484.65,1.97,-303.82
494.27,3.75,-302.81
489.56,4.03,-310.38
485.05,2.78,-303.90
478.52,2.82,-309.01
473.09,3.99,-308.65
468.61,2.74,-302.08
468.57,0.20,-298.34
468.33,-0.64,-253.22
467.69,0.28,-350.10
472.72,2.14,-350.79
482.47,1.85,-301.92
482.71,0.77,-252.58
483.48,1.09,-259.02
488.35,1.17,-308.73
483.32,0.40,-206.17
482.31,2.90,-304.06
474.42,1.81,-300.79
478.60,2.46,-296.32
468.86,1.17,-250.68
474.09,0.48,-258.66
473.81,-0.89,-253.58
478.81,2.74,-249.07
474.01,3.34,-253.50
482.63,2.82,-207.82
475.14,0.68,-220.95
481.30,-0.40,-266.39
487.27,-0.56,-316.38
494.76,1.73,-306.43
478.93,1.61,-256.44
474.90,1.45,-253.34
474.46,0.93,-255.15
478.60,2.50,-306.07
480.46,3.54,-303.25
486.02,2.14,-309.90
494.07,0.52,-271.71
489.08,-0.97,-267.16
483.56,-0.68,-262.93
478.44,0.08,-302.93
479.53,1.57,-347.12
469.26,1.53,-303.29
468.45,1.81,-302.85
473.73,3.02,-351.23
482.15,2.94,-305.59
481.55,2.42,-304.38
481.26,3.18,-298.66
481.30,2.38,-298.22
478.40,2.34,-204.03
478.12,3.02,-302.16
473.09,1.49,-299.75
476.83,1.29,-302.37
467.29,1.21,-351.59
471.51,1.57,-345.27
476.07,1.53,-301.56
481.79,1.81,-308.41
477.76,0.44,-311.35
481.30,0.97,-308.49
472.00,-1.01,-260.67
468.21,-0.12,-259.83
468.65,0.52,-302.37
473.33,2.18,-303.78
468.49,1.65,-255.23
476.95,3.99,-304.18
476.03,2.66,-300.07
475.99,2.18,-250.60
472.16,1.49,-205.57
480.10,0.16,-211.29
471.96,-1.85,-207.94
472.40,-0.89,-207.98
468.37,1.49,-254.55
473.05,1.13,-254.11
473.25,0.44,-252.17
469.14,0.40,-251.25
473.69,2.18,-349.05
478.20,2.54,-301.96
478.20,2.46,-253.86
469.14,1.73,-253.50
477.44,2.50,-300.92
476.71,2.98,-301.00
476.83,2.50,-300.67
468.86,0.12,-298.30
473.73,2.26,-346.84
472.97,3.42,-347.32
472.72,3.79,-349.01
473.53,3.02,-351.91
479.01,2.46,-298.42
478.24,2.14,-296.52
473.17,2.22,-297.89
472.92,1.13,-304.22
472.80,0.04,-309.13
472.20,0.00,-308.41
476.59,1.45,-213.70
473.37,0.48,-163.47
468.61,-0.36,-257.85
473.09,-0.04,-254.63
473.41,0.64,-206.21
472.88,1.37,-211.69
468.41,2.74,-254.79
477.15,2.70,-252.29
472.28,1.29,-247.78
477.48,0.93,-253.10
478.20,1.53,-256.85
473.45,0.97,-252.94
468.61,0.32,-255.52
468.37,1.05,-354.65
478.28,1.65,-355.58
473.61,2.42,-302.04
473.01,2.46,-303.33
478.48,3.95,-303.57
483.72,3.54,-257.49
483.36,1.77,-212.49
472.72,-0.60,-210.00
472.60,-0.20,-257.17
471.27,0.40,-259.91
476.35,1.33,-258.46
477.19,1.93,-259.34
481.87,3.46,-342.73
476.95,1.01,-243.75
476.71,2.38,-246.82
472.76,2.50,-256.48
482.92,2.54,-206.45
474.05,1.37,-205.24
468.57,1.05,-250.08
468.09,1.73,-301.08
467.89,-0.20,-260.47
467.73,0.12,-261.68
467.37,-1.17,-258.70
471.64,-0.16,-303.01
468.13,-0.40,-262.04
473.13,3.38,-262.24
477.07,3.26,-257.73
493.83,1.81,-213.74
487.87,3.02,-312.64
488.84,2.82,-349.86
482.43,2.34,-355.54
480.34,2.05,-346.19
470.15,0.81,-301.00
473.21,1.81,-307.48
471.96,2.01,-302.73
481.67,4.11,-302.61
482.11,3.42,-301.60
481.67,3.38,-299.51
477.52,4.07,-302.08
477.40,4.31,-302.53
472.20,2.34,-303.33
476.11,2.38,-303.25
471.68,1.37,-308.93
489.92,1.37,-314.05
498.10,2.62,-314.05
493.83,3.02,-266.92
487.31,3.59,-259.75
484.32,4.07,-256.24
483.36,3.63,-251.97
477.92,3.87,-254.27
473.05,4.47,-304.26
467.97,3.06,-306.47
471.76,2.42,-303.65
467.53,0.85,-251.89
476.79,0.85,-302.12
477.44,1.49,-305.87
476.91,-0.52,-252.66
468.25,0.12,-252.09
473.65,0.81,-208.02
472.97,0.68,-208.34
471.31,-0.24,-201.74
472.16,0.28,-253.50
468.61,-0.12,-207.82
473.17,-0.04,-305.79
473.09,-0.24,-305.39
476.11,1.85,-304.14
475.91,1.29,-350.54
472.24,0.48,-255.27
477.92,1.25,-254.39
473.73,0.12,-254.43
477.60,0.97,-202.91
476.95,1.17,-203.87
473.21,-0.20,-250.28
477.19,0.28,-254.79
477.28,0.73,-207.30
472.00,2.22,-214.02
472.24,2.42,-308.65
476.83,2.38,-253.26
482.31,3.83,-299.10
479.01,2.82,-299.87
488.47,3.02,-354.37
496.53,2.90,-365.13
492.46,2.62,-364.76
486.54,2.50,-358.32
486.10,2.26,-302.16
484.32,0.73,-256.00
483.64,1.45,-259.71
478.44,0.93,-256.08
477.28,1.97,-256.56
477.15,1.97,-256.04
472.92,3.10,-305.31
468.33,2.46,-300.47
478.48,1.61,-305.91
474.33,-0.73,-210.40
469.78,-1.21,-261.88
473.77,0.52,-352.32
472.52,2.34,-304.46
472.36,2.09,-305.27
468.45,2.14,-299.79
477.40,2.46,-304.10
472.44,2.78,-265.43
468.29,1.57,-263.09
472.97,3.34,-348.09
477.84,2.05,-349.22
481.87,1.65,-301.28
472.76,-0.48,-254.11
477.36,0.56,-256.12
481.99,1.61,-263.09
482.71,0.77,-263.81
483.60,2.86,-256.56
483.24,1.97,-255.80
473.49,-0.97,-214.15
473.01,0.28,-304.26
478.00,1.73,-298.70
477.32,3.59,-304.50
473.33,1.49,-257.69
473.97,0.44,-207.66
469.38,2.22,-255.48
477.72,4.51,-302.93
477.03,4.07,-299.75
472.64,1.61,-207.70
472.20,2.54,-303.57
473.65,1.45,-294.95
482.43,1.97,-344.95
473.93,1.33,-298.02
468.74,1.77,-303.05
472.56,2.54,-350.95
486.50,1.53,-308.45
488.72,0.08,-215.39
485.29,1.13,-257.93
474.54,0.97,-249.55
470.55,0.81,-248.75
473.97,2.18,-301.40
478.16,2.46,-304.50
473.05,3.34,-301.36
468.49,2.14,-300.31
473.05,2.78,-304.94
473.29,0.97,-259.46
476.59,1.89,-359.25
482.15,1.89,-361.38
487.06,1.61,-308.09
485.29,0.64,-260.95
476.31,1.53,-258.74
481.55,2.30,-254.15
475.18,3.71,-349.42
474.05,2.30,-302.49
478.08,3.14,-305.59
474.86,2.26,-262.16
486.58,0.93,-212.17
490.13,2.05,-216.32
488.80,1.45,-266.23
488.07,3.87,-315.66
487.23,3.99,-358.16
483.84,3.10,-261.68
481.30,2.86,-299.95
477.76,1.25,-244.52
477.92,0.97,-248.63
478.12,0.48,-206.57
481.99,1.25,-307.76
482.59,0.89,-263.53
478.89,1.77,-215.03
473.05,1.97,-214.15
473.25,2.54,-306.84
478.24,3.34,-260.15
483.24,4.51,-302.16
478.52,1.25,-253.99
477.96,-0.52,-260.15
480.10,1.13,-312.56
488.51,-0.04,-304.94
481.22,1.57,-251.93
483.04,-0.24,-210.16
479.29,0.20,-218.33
477.15,1.49,-260.23
478.60,3.75,-304.42
481.30,3.06,-302.77
476.55,1.97,-210.36
472.97,3.50,-304.66
473.21,2.46,-348.77
477.80,2.94,-349.38
482.07,1.69,-307.36
488.07,1.85,-360.45
490.61,-0.32,-266.55
490.05,0.48,-263.69
486.54,2.54,-257.97
484.04,4.15,-347.76
478.28,3.18,-250.80
481.99,4.15,-302.33
477.68,1.01,-251.93
473.29,-0.56,-254.87
467.73,0.32,-307.36
472.28,1.97,-349.38
477.40,1.65,-346.76
472.72,1.37,-311.43
477.19,2.30,-302.93
472.08,1.17,-297.25
473.77,1.53,-302.29
474.46,1.01,-307.00
469.82,1.21,-307.64
473.69,2.30,-354.90
477.44,2.46,-349.78
477.32,0.56,-301.84
472.97,0.52,-350.54
472.84,0.52,-300.51
477.80,0.89,-302.77
473.05,1.45,-299.43
473.57,0.64,-257.53
477.44,3.59,-352.88
477.48,0.20,-302.97
478.69,-0.04,-254.95
470.06,1.61,-304.30
469.86,1.33,-262.24
476.63,1.65,-263.29
478.20,0.12,-211.97
482.03,0.89,-310.87
482.63,1.33,-356.26
486.90,2.74,-305.10
479.69,0.73,-205.04
470.15,0.64,-252.37
469.66,2.58,-303.33
476.11,3.06,-301.24
482.43,1.29,-212.17
489.72,1.85,-312.48
475.95,-0.16,-259.14
475.78,1.41,-301.56
469.86,1.49,-298.58
478.20,2.82,-298.22
473.37,2.09,-258.46
469.86,1.69,-260.55
470.87,1.89,-260.75
470.27,0.97,-256.89
473.33,2.01,-301.04
483.12,1.65,-347.85
479.37,1.21,-301.72
478.20,0.64,-303.01
477.11,3.02,-342.69
481.55,4.39,-297.65
478.40,3.54,-345.51
477.48,2.66,-302.00
473.81,0.85,-257.97
474.21,0.52,-256.00
473.81,1.09,-302.00
482.39,1.53,-303.78
473.69,1.17,-300.11
479.25,2.38,-306.15
482.87,2.05,-305.63
490.49,1.05,-265.79
486.30,0.08,-224.34
483.96,0.56,-225.30
476.83,1.21,-218.01
477.15,2.90,-307.00
474.70,1.29,-304.06
482.59,1.13,-305.43
473.01,1.69,-306.72
478.24,1.81,-305.27
477.68,2.22,-300.83
477.19,2.78,-301.24
472.08,2.74,-299.79
476.23,3.18,-348.89
467.57,0.48,-254.55
468.21,3.10,-305.71
472.88,3.02,-354.81
476.51,2.05,-351.11
477.44,1.69,-252.78
473.21,1.25,-299.38
469.42,1.13,-256.20
473.25,2.38,-256.56
473.37,1.41,-303.94
477.64,-0.73,-254.11
477.32,0.60,-302.29
477.19,1.81,-350.14
482.63,2.58,-356.26
482.96,2.50,-263.61
483.16,3.18,-309.54
477.36,1.41,-264.82
477.07,0.81,-258.22
477.24,1.65,-257.41
478.28,2.38,-253.14
473.13,0.93,-250.04
473.01,0.12,-264.26
477.88,2.74,-305.99
478.44,2.50,-351.71
483.40,2.26,-307.92
478.64,1.89,-262.57
478.00,2.62,-262.77
477.48,1.97,-262.24
468.94,1.09,-262.73
474.54,3.10,-352.96
478.24,3.22,-301.88
481.99,2.50,-259.50
477.72,2.90,-265.06
482.67,3.14,-308.49
482.27,2.50,-303.61
479.17,2.46,-305.39
477.56,4.07,-351.03
477.92,3.50,-306.96
472.76,1.81,-214.06
473.85,2.22,-213.14
474.09,2.34,-258.18
478.89,2.22,-306.27
478.28,2.70,-303.29
477.28,1.97,-259.06
468.01,0.12,-253.74
472.28,0.68,-208.47
473.01,0.12,-214.47
474.05,-0.28,-210.36
470.43,-0.36,-251.29
468.82,1.33,-295.80
472.72,2.70,-344.74
476.47,2.90,-348.17
478.12,0.44,-254.67
482.71,2.94,-307.12
481.87,3.46,-307.04
480.58,2.66,-257.57
472.24,0.08,-202.75
467.97,-0.68,-199.20
472.88,1.61,-293.58
472.64,1.25,-306.11
482.67,1.77,-297.45
482.67,2.46,-344.42
482.35,-0.44,-249.43
486.54,0.64,-251.49
484.69,1.93,-253.82
483.88,2.58,-214.06
476.27,3.14,-305.19
474.09,1.25,-301.96
482.15,1.29,-305.19
478.12,0.32,-259.79
469.18,0.24,-257.69
468.37,-0.08,-258.86
473.41,1.77,-303.41
477.92,2.58,-300.88
483.24,2.58,-306.84
483.56,1.85,-260.91
473.81,0.85,-259.91
478.04,1.17,-259.91
478.12,2.09,-263.94
478.32,1.69,-259.54
468.78,0.52,-215.27
477.64,1.61,-258.01
482.15,1.49,-262.08
481.99,2.26,-309.50
481.87,2.74,-301.72
480.98,2.09,-255.56
472.28,0.24,-208.47
471.39,1.17,-303.74
480.90,2.30,-307.08
481.83,3.10,-308.57
478.60,1.13,-303.13
478.93,2.54,-347.56
474.98,2.82,-353.08
474.13,2.34,-353.44
474.13,0.68,-307.76
478.16,0.81,-263.17
486.38,0.36,-269.41
490.33,1.85,-266.31
490.69,2.50,-260.71
475.14,0.20,-211.69
476.75,1.17,-302.65
478.08,1.85,-261.12
483.88,1.89,-217.37
486.22,2.54,-223.29
480.34,3.02,-262.28
476.51,1.29,-213.06
474.62,1.81,-304.90
473.89,1.25,-253.26
472.60,-0.04,-252.45
467.73,-0.44,-211.53
467.37,1.97,-305.99
468.74,0.00,-257.65
473.09,-0.24,-214.31
467.29,-1.85,-168.02
467.37,1.41,-256.40
477.60,2.66,-309.38
478.64,2.01,-354.61
474.62,0.32,-260.03
472.64,2.54,-302.08
473.25,0.89,-304.38
482.11,2.70,-354.25
478.28,2.86,-306.56
472.88,2.50,-306.60
468.98,0.16,-255.40
473.37,1.77,-250.32
469.58,1.29,-205.52
468.09,0.60,-301.52
472.88,0.93,-296.52
473.69,0.44,-259.67
473.17,-0.93,-214.87
468.21,-0.16,-259.95
472.28,1.49,-305.47
482.39,2.34,-306.39
480.26,2.01,-259.26
482.51,1.89,-305.19
480.26,2.94,-350.46
482.67,3.75,-298.98
482.92,3.50,-345.35
477.76,2.54,-248.23
477.84,3.34,-295.24
478.52,3.02,-344.26
478.73,2.09,-348.81
478.44,1.29,-302.24
473.49,1.25,-350.38
478.24,2.50,-349.94
477.84,2.74,-357.27
481.30,2.14,-306.68
476.95,2.14,-349.09
478.00,0.73,-302.20
478.40,1.97,-349.58
476.99,1.85,-305.75
476.67,2.01,-309.82
472.80,0.89,-216.12
473.65,2.78,-307.12
473.01,3.71,-354.45
482.11,2.90,-303.09
480.74,0.81,-252.01
476.99,0.89,-254.99
472.84,2.46,-303.49
473.45,1.17,-206.98
473.49,1.17,-199.80
473.29,1.13,-245.36
472.56,0.44,-301.36
482.87,0.48,-309.21
474.05,-0.24,-263.09
478.40,1.29,-264.22
479.21,0.89,-263.41
482.75,1.53,-257.49
473.09,0.60,-259.22
476.63,1.65,-255.56
472.64,1.77,-255.03
478.32,2.18,-257.33
478.04,1.85,-262.45
473.21,0.28,-258.94
473.89,0.85,-297.61
473.41,1.49,-345.55
476.39,2.66,-350.95
476.19,2.42,-298.66
475.91,2.46,-300.31
476.99,3.06,-301.24
482.47,3.14,-301.32
484.04,3.10,-254.19
473.37,1.49,-256.36
473.09,0.77,-207.62
468.41,-0.36,-255.15
473.73,0.89,-259.46
473.33,0.97,-303.53
478.36,2.05,-304.22
482.59,2.05,-306.47
481.63,0.60,-261.88
481.71,1.97,-250.12
482.07,2.38,-251.17
477.60,1.73,-209.11
469.06,0.32,-215.07
473.61,2.22,-309.54
474.29,1.85,-311.35
478.69,3.14,-354.81
468.74,2.74,-352.24
477.32,3.67,-352.16
473.57,3.26,-304.54
472.92,2.94,-300.11
473.25,2.26,-302.12
473.13,0.93,-296.73
473.89,0.08,-252.13
473.97,0.48,-253.38
473.49,-0.16,-205.00
470.15,0.89,-259.10
472.60,1.21,-311.95
482.47,2.38,-358.68
480.58,1.69,-355.62
479.01,1.45,-352.80
483.56,1.05,-302.93
477.36,-0.64,-210.24
473.13,1.09,-211.12
473.49,1.45,-211.04
482.11,2.54,-257.25
477.24,1.85,-262.12
481.75,3.54,-306.31
478.00,0.44,-303.65
478.85,0.20,-297.29
473.65,1.61,-345.43
478.16,-0.20,-251.77
482.19,0.68,-257.05
482.83,1.45,-262.49
482.43,2.26,-260.95
481.87,2.58,-258.26
476.59,2.58,-256.04
477.11,1.53,-256.52
468.29,-0.40,-211.53
468.25,1.21,-258.70
472.76,2.58,-303.70
476.67,2.05,-347.48
471.92,-0.04,-252.54
476.63,2.26,-302.41
472.52,2.05,-298.34
473.25,1.01,-301.32
473.37,0.28,-251.73
473.37,0.20,-255.15
469.82,0.68,-247.38
469.22,1.85,-288.23
473.13,2.42,-303.25
468.98,1.49,-304.54
477.64,3.34,-304.66
477.48,3.34,-347.32
477.44,2.58,-300.88
472.84,1.49,-302.45
473.25,-0.12,-255.48
472.72,-1.21,-263.73
469.18,-0.64,-262.49
470.10,0.68,-306.03
474.17,1.57,-301.88
472.60,2.42,-348.65
481.22,1.97,-253.38
477.19,1.61,-201.58
473.77,1.41,-200.29
473.61,0.48,-207.94
478.04,1.01,-209.43
473.61,0.85,-208.71
474.01,2.90,-304.14
467.85,1.21,-303.21
471.88,2.54,-304.06
476.75,2.66,-254.79
476.95,2.98,-302.69
476.63,3.18,-296.97
480.34,1.53,-304.30
488.68,1.77,-308.05
489.52,1.85,-315.74
493.71,2.70,-354.69
482.55,2.05,-252.66
484.69,3.87,-301.08
479.37,2.14,-252.29
473.65,0.73,-258.13
469.10,0.24,-305.63
478.64,2.54,-351.39
477.36,2.50,-302.81
476.91,1.53,-248.87
472.48,0.24,-251.33
477.28,1.37,-257.89
476.91,1.93,-254.71
486.54,1.01,-306.92
493.39,1.77,-309.58
490.61,1.49,-310.38
485.29,1.85,-303.90
476.95,1.09,-305.59
474.94,1.97,-259.79
469.38,1.13,-204.03
473.45,1.01,-257.25
473.17,1.61,-253.18
476.71,4.11,-306.60
483.12,4.71,-360.49
488.43,3.50,-360.13
488.84,1.37,-307.32
475.74,-0.16,-306.03
479.69,2.14,-298.74
483.48,3.59,-296.97
482.51,2.86,-249.55
472.80,1.17,-205.44
473.73,0.68,-256.44
478.28,0.68,-257.89
483.32,3.02,-309.21
478.64,1.77,-259.18
482.51,2.50,-303.49
482.15,2.09,-307.60
476.75,1.73,-356.18
475.95,1.81,-359.89
476.39,0.93,-301.76
476.19,1.01,-253.38
468.09,0.48,-202.18
472.97,1.29,-202.50
480.86,0.97,-207.90
486.62,2.05,-212.78
484.53,1.53,-262.04
481.34,1.33,-262.53
482.19,1.13,-262.93
470.67,0.36,-258.62
478.24,1.41,-301.76
482.63,1.37,-307.44
482.07,1.13,-256.64
478.16,1.57,-247.70
482.83,2.66,-299.67
482.75,2.09,-300.96
477.28,2.46,-298.62
473.37,1.89,-299.22
478.12,2.09,-301.96
474.38,1.09,-254.11
474.50,1.97,-253.06
477.80,3.99,-300.92
477.56,3.71,-300.63
476.87,3.06,-249.84
476.99,4.11,-303.25
476.95,1.33,-210.32
472.36,-0.08,-208.71
472.48,1.69,-303.94
477.96,2.86,-303.13
473.25,1.85,-304.70
468.21,-0.81,-263.69
471.07,2.05,-311.11
467.57,2.58,-309.46
479.21,2.26,-304.62
474.54,0.89,-250.80
473.69,1.09,-203.71
473.25,1.93,-253.86
477.72,1.17,-207.50
473.85,1.81,-302.37
474.21,2.78,-348.93
477.92,4.87,-351.91
477.44,2.86,-304.86
482.03,3.79,-350.22
477.68,1.41,-260.71
477.48,2.09,-256.85
472.72,1.57,-211.65
472.32,0.60,-206.21
473.49,1.25,-303.05
483.20,2.18,-301.88
479.85,1.29,-208.79
476.23,-0.32,-259.14
485.17,1.73,-353.53
482.71,1.61,-311.79
477.24,1.77,-265.02
470.55,0.89,-312.03
478.56,2.78,-353.73
483.36,3.30,-302.45
478.52,1.69,-213.58
478.20,1.17,-256.60
477.24,0.89,-258.34
481.83,2.26,-298.58
477.32,2.54,-299.22
473.45,2.54,-352.48
473.53,2.18,-354.33
477.40,2.50,-302.12
476.87,2.94,-303.82
472.40,1.53,-246.73
472.36,-0.04,-256.28
471.92,-0.24,-213.94
472.84,0.89,-209.27
473.53,1.41,-257.45
472.44,1.81,-255.56
476.71,3.26,-301.68
477.11,4.59,-303.57
482.19,3.59,-352.68
482.35,0.97,-260.55
482.55,1.65,-258.98
477.88,1.53,-208.47
472.92,0.28,-207.86
472.24,0.08,-257.25
477.03,1.93,-345.67
477.24,0.68,-250.00
478.81,1.37,-259.95
469.94,1.49,-210.44
478.48,1.33,-253.78
482.39,0.28,-261.64
482.03,0.40,-258.70
482.03,2.09,-257.17
478.12,2.01,-302.29
478.73,1.97,-298.10
478.44,2.90,-296.93
477.72,2.70,-297.57
472.20,-0.16,-262.85
476.07,0.68,-257.21
477.28,2.14,-256.97
477.07,1.09,-256.48
477.76,2.66,-259.87
478.08,1.81,-254.55
478.73,1.33,-256.40
473.53,1.89,-261.08
473.01,2.30,-217.21
477.19,4.07,-293.58
468.94,2.78,-297.69
474.13,1.85,-305.19
469.06,1.45,-305.06
477.88,2.05,-306.68
472.80,1.45,-301.96
474.29,2.38,-254.83
470.99,3.38,-257.77
479.41,3.67,-306.19
474.21,2.62,-303.94
468.53,2.50,-305.95
468.57,3.42,-302.97
468.70,2.50,-304.90
469.34,2.46,-304.38
478.93,4.47,-349.70
477.84,3.87,-297.25
478.56,3.30,-295.28
483.68,2.98,-304.86
478.04,1.61,-220.91
477.64,3.34,-213.74
479.81,1.81,-214.23
486.26,1.45,-209.88
492.38,1.05,-208.63
489.32,1.05,-209.27
479.97,-0.12,-253.34
480.62,0.08,-254.47
480.50,-0.81,-209.55
475.34,0.56,-253.86
473.97,3.46,-303.21
480.98,3.14,-303.57
471.80,0.44,-208.10
477.60,0.81,-257.25
478.04,-0.20,-263.69
482.11,1.25,-303.61
481.34,1.85,-303.57
477.56,2.26,-347.85
477.76,2.18,-350.83
481.95,2.42,-311.87
476.59,0.60,-217.85
472.60,1.37,-259.63
472.60,2.34,-306.80
472.56,2.66,-311.07
472.20,1.81,-308.73
476.91,2.78,-305.99
473.69,3.14,-311.03
475.34,1.65,-309.54
486.06,2.66,-308.61
483.72,1.33,-264.62
480.74,0.40,-253.86
480.30,-0.32,-255.31
481.51,-0.52,-259.67
479.73,0.64,-254.43
482.15,3.91,-349.82
482.47,4.23,-304.02
477.56,0.85,-206.37
473.29,1.29,-255.03
473.85,2.05,-265.26
477.72,2.50,-260.87
468.57,1.17,-213.66
477.24,2.54,-256.68
481.83,0.56,-271.83
481.95,2.26,-313.65
482.59,2.58,-357.35
482.03,1.93,-301.20
473.01,-0.28,-260.27
474.17,-0.20,-262.12
474.78,0.04,-259.10
470.02,0.73,-258.98
473.53,3.34,-346.27
477.60,3.22,-299.26
478.73,2.94,-253.42
469.18,2.90,-253.30
478.56,2.78,-299.71
482.75,1.89,-298.58
478.60,-0.24,-210.40
469.02,1.09,-253.95
468.53,2.42,-298.30
468.90,0.68,-305.51
468.37,-1.21,-255.40
468.78,-1.13,-308.01
479.69,0.64,-302.57
485.45,2.58,-355.26
487.59,0.68,-312.68
484.93,-0.16,-363.39
475.54,0.12,-265.10
474.05,3.95,-307.88
469.02,2.34,-304.10
473.29,2.78,-302.08
472.44,2.18,-204.56
481.22,3.50,-300.55
477.64,2.58,-252.41
478.28,2.62,-304.10
479.89,2.54,-310.95
489.96,1.85,-360.49
491.70,1.21,-265.35
485.65,3.10,-307.04
476.07,1.01,-307.36
476.43,1.09,-306.39
475.34,-0.20,-218.01
475.87,1.61,-304.82
474.62,1.93,-349.82
482.71,1.45,-301.44
477.60,-1.17,-211.37
473.61,1.13,-213.10
473.85,0.77,-217.45
478.32,-0.04,-210.12
473.93,-0.93,-209.39
478.73,1.77,-306.23
474.33,1.09,-256.12
473.97,0.60,-251.65
468.94,1.65,-294.19
473.73,2.74,-347.64
477.84,1.81,-345.87
472.32,-0.77,-253.38
476.95,1.21,-303.41
472.64,1.61,-301.80
472.60,3.10,-298.18
468.05,1.65,-205.28
468.33,3.02,-304.38
468.21,0.52,-310.83
472.80,1.97,-357.31
473.57,1.29,-353.16
473.53,0.73,-349.66
473.37,0.81,-348.81
482.19,2.58,-305.10
481.42,1.65,-256.52
477.72,1.61,-260.99
478.93,1.65,-305.87
474.58,0.52,-216.16
483.28,3.06,-306.43
478.60,0.64,-308.25
482.31,-0.08,-302.49
474.42,-0.89,-259.18
478.00,1.01,-258.01
482.11,0.97,-262.81
476.91,-0.12,-211.97
472.80,0.85,-214.06
469.14,1.25,-263.94
478.81,1.21,-263.37
473.49,-0.24,-262.24
468.78,0.60,-261.56
474.62,3.95,-345.83
479.81,2.50,-303.82
473.89,0.40,-213.26
468.74,1.41,-209.07
468.70,3.50,-259.91
478.00,3.59,-306.51
473.57,1.29,-298.90
474.13,1.73,-300.11
473.89,0.68,-302.08
482.79,0.00,-304.02
482.96,1.41,-349.54
483.04,2.38,-254.75
481.30,3.54,-300.47
476.83,0.24,-254.91
482.55,0.89,-252.45
473.57,0.20,-208.39
469.74,1.85,-205.40
473.93,1.65,-300.71
482.79,2.42,-305.99
478.85,0.56,-214.91
469.26,1.25,-256.64
473.37,2.86,-348.41
477.32,3.67,-348.89
477.15,2.62,-303.49
477.32,1.37,-345.91
472.72,-0.56,-251.25
477.24,2.34,-303.49
473.17,2.38,-299.63
482.03,3.54,-346.48
482.23,2.74,-259.06
482.03,3.30,-304.82
477.40,1.33,-309.54
481.51,1.65,-255.68
472.88,-0.68,-203.95
477.88,0.60,-248.83
477.92,0.81,-245.77
477.80,3.02,-303.17
472.52,1.53,-307.28
476.63,1.77,-349.90
476.71,1.29,-255.80
477.36,0.89,-210.24
468.74,1.73,-258.98
467.85,2.38,-258.86
472.80,2.42,-260.79
477.80,2.01,-258.86
477.92,1.49,-305.35
477.36,1.69,-306.68
481.59,2.74,-303.17
481.71,1.65,-260.31
477.48,1.61,-253.91
473.61,3.26,-304.34
473.49,1.89,-254.55
474.13,3.71,-350.50
473.45,2.70,-297.13
468.25,1.25,-304.66
467.16,0.56,-304.66
466.88,1.09,-309.90
471.92,-0.28,-307.04
472.04,-1.57,-252.29
478.16,1.17,-255.92
473.25,0.44,-207.22
477.92,1.57,-207.78
473.17,0.28,-218.38
481.75,1.57,-309.94
485.57,1.45,-311.79
481.06,0.89,-308.69
475.14,0.93,-256.28
471.60,2.78,-347.56
474.54,0.89,-259.18
474.38,0.68,-212.37
473.29,-0.08,-157.67
468.82,0.16,-205.00
473.29,0.00,-255.44
482.51,2.46,-348.33
486.86,1.65,-250.72
477.76,1.65,-207.50
468.98,0.93,-256.04
473.61,2.34,-349.05
478.00,1.57,-306.72
477.32,1.05,-305.67
477.40,1.65,-300.96
478.28,2.90,-298.38
473.81,1.61,-215.27
467.93,2.86,-308.77
467.93,1.81,-307.68
477.64,2.09,-309.42
481.55,0.04,-220.07
484.53,0.73,-314.33
475.06,-0.36,-269.33
477.28,2.54,-260.83
468.21,2.30,-202.62
468.57,0.97,-250.16
473.33,2.82,-347.52
478.00,3.50,-305.91
476.59,1.89,-254.91
471.84,1.05,-253.10
467.97,0.08,-212.01
473.21,0.77,-307.80
473.09,-0.36,-310.26
477.48,2.30,-352.03
468.82,2.14,-306.11
472.20,2.42,-307.52
471.03,0.93,-257.25
476.15,2.54,-304.78
472.48,2.14,-260.99
476.51,1.37,-252.54
472.32,1.41,-209.55
477.36,3.10,-300.96
473.37,1.53,-258.98
472.60,-0.16,-215.88
468.29,0.77,-265.14
477.64,2.90,-304.78
478.20,2.86,-348.01
477.60,2.74,-303.37
476.75,4.07,-354.53
477.03,1.29,-305.71
481.14,0.64,-301.20
473.29,1.69,-299.43
477.68,2.34,-303.53
478.16,1.97,-306.23
477.24,1.69,-310.91
477.64,3.67,-312.28
477.03,3.18,-304.54
477.11,2.09,-259.99
477.44,2.74,-350.10
477.44,2.50,-303.33
477.40,2.09,-300.43
473.21,1.37,-202.22
473.41,2.86,-297.25
473.69,2.22,-345.95
477.32,3.30,-345.11
483.68,2.46,-298.74
486.14,2.58,-349.70
494.40,2.94,-312.60
492.30,1.61,-275.17
487.83,1.09,-272.56
485.73,3.22,-358.44
485.41,2.58,-306.72
473.45,0.97,-262.49
472.68,1.29,-308.93
472.60,0.77,-305.23
472.08,0.60,-305.75
477.15,-0.77,-259.75
482.51,1.61,-252.98
478.00,1.53,-253.34
478.40,2.86,-307.44
469.78,0.77,-220.75
469.26,2.05,-313.48
469.14,1.57,-264.18
469.02,0.64,-258.13
473.21,0.77,-258.74
473.69,1.01,-307.16
477.76,2.14,-308.37
482.55,2.94,-302.29
482.51,2.38,-299.47
482.67,3.38,-299.71
482.96,2.22,-255.03
477.72,1.49,-213.14
468.01,0.48,-209.47
472.60,2.18,-306.80
473.13,1.89,-299.75
476.87,1.53,-302.29
481.63,2.14,-349.78
482.59,0.32,-259.06
478.36,1.09,-213.50
474.05,2.46,-213.62
473.53,1.97,-257.33
477.84,1.73,-216.80
477.44,2.58,-300.31
472.28,-0.04,-249.11
481.83,0.77,-254.03
472.92,0.56,-212.57
470.75,0.68,-251.37
481.67,1.57,-353.28
494.40,2.14,-304.42
487.47,-1.05,-209.35
480.10,0.32,-255.80
483.48,1.65,-303.17
494.68,1.49,-311.35
480.70,-0.81,-216.12
477.03,0.24,-257.09
475.62,0.52,-312.19
478.93,1.69,-355.30
478.60,2.90,-356.47
478.12,1.37,-259.71
473.45,-0.20,-259.46
473.29,0.44,-302.57
477.44,1.41,-306.39
478.44,1.01,-308.01
477.24,0.44,-214.63
477.03,3.26,-303.98
478.04,2.86,-353.49
477.76,1.69,-300.47
473.57,-0.16,-255.36
468.86,0.77,-307.52
478.36,3.22,-352.32
477.68,1.09,-253.22
474.01,0.73,-254.59
473.89,0.32,-254.59
478.73,2.50,-251.97
472.24,1.65,-203.27
472.60,0.64,-203.39
477.52,1.61,-305.55
490.37,1.69,-309.13
496.01,2.66,-309.42
486.46,0.85,-260.23
481.75,2.05,-308.17
475.58,0.64,-309.50
483.00,0.85,-305.99
472.56,-0.44,-208.30
472.84,0.00,-205.52
473.41,0.04,-252.50
469.14,-0.40,-262.45
472.92,-0.60,-261.64
472.52,0.56,-304.98
477.03,2.09,-308.41
472.80,2.26,-300.83
473.13,2.09,-253.30
469.14,2.86,-254.55
478.40,2.66,-300.27
477.48,1.73,-312.96
477.15,2.18,-311.59
472.20,0.52,-256.56
478.44,0.97,-257.89
468.90,2.30,-252.01
478.32,5.36,-342.61
478.00,3.87,-302.08
478.56,2.98,-307.60
479.33,4.43,-305.75
477.84,2.01,-258.90
477.40,1.25,-256.89
481.87,1.09,-258.18
478.00,0.64,-212.61
469.30,1.49,-261.76
468.86,1.97,-299.67
468.33,0.93,-306.96
471.31,1.25,-259.95
475.38,2.50,-308.05
486.18,3.10,-309.90
487.39,1.81,-303.86
484.73,1.33,-254.07
483.08,2.38,-257.21
481.26,2.90,-307.97
481.18,3.22,-308.21
479.77,2.78,-301.96
477.52,1.89,-303.05
477.40,2.09,-349.01
479.37,1.29,-303.53
475.06,0.00,-214.75
474.98,-1.09,-162.62
479.01,0.52,-209.03
478.20,-0.08,-262.53
473.97,1.17,-309.54
473.13,0.24,-259.71
472.48,0.77,-256.60
471.56,-0.24,-261.92
468.74,0.89,-308.41
483.36,2.05,-356.51
485.94,1.89,-357.15
480.66,2.34,-354.61
476.59,1.41,-256.64
474.62,0.68,-212.82
473.69,0.28,-209.63
469.54,1.01,-262.28
480.42,2.09,-315.10
494.52,1.65,-309.78
488.55,0.04,-219.91
474.01,0.68,-264.26
475.38,3.26,-353.85
477.92,2.66,-309.54
477.36,2.38,-306.19
477.60,3.71,-299.43
478.44,3.10,-300.39
477.96,2.82,-301.16
477.88,1.93,-303.74
478.28,2.18,-253.02
474.21,2.82,-249.84
478.12,2.34,-208.87
472.40,2.74,-301.16
473.33,3.59,-351.23
479.21,3.59,-350.99
478.60,3.54,-350.34
468.53,1.33,-307.64
467.97,0.32,-306.84
472.20,-0.24,-259.87
472.40,2.14,-206.13
477.52,2.34,-207.62
478.08,1.17,-261.68
482.47,0.32,-261.16
473.61,0.44,-303.86
477.15,0.89,-304.50
477.03,0.60,-296.89
478.08,0.24,-250.80
472.60,1.81,-250.72
482.63,1.89,-301.76
474.09,-0.32,-214.02
474.25,-0.77,-212.45
473.93,0.24,-263.33
473.81,-0.08,-215.23
478.04,2.94,-307.56
473.09,2.14,-304.58
477.56,2.34,-302.69
477.24,1.97,-356.87
483.64,1.21,-359.25
489.24,0.60,-306.35
483.40,-0.12,-302.20
480.38,0.85,-301.48
483.24,2.18,-255.52
473.53,1.01,-212.01
474.54,0.81,-257.53
474.05,0.32,-259.06
473.33,1.01,-256.56
472.84,1.37,-302.16
477.76,3.34,-305.06
468.21,3.38,-305.55
477.72,3.18,-253.99
472.97,2.22,-259.34
472.97,1.25,-256.97
472.32,2.34,-305.63
472.68,0.44,-298.98
469.10,-0.81,-207.06
468.41,-0.20,-212.37
472.36,1.77,-249.64
477.15,1.57,-250.60
477.24,2.05,-252.41
467.73,0.85,-208.83
472.44,1.09,-255.36
477.60,0.89,-250.48
482.15,2.22,-301.72
482.27,1.85,-350.22
482.43,1.57,-351.71
482.79,1.69,-258.18
478.60,1.01,-216.84
468.57,0.00,-260.67
464.06,0.16,-357.76
474.05,2.26,-399.65
478.52,2.42,-354.57
482.27,2.34,-306.88
482.31,0.85,-351.07
481.51,0.08,-253.34
477.48,2.26,-302.57
478.44,3.30,-349.50
474.54,2.66,-353.85
473.85,2.66,-356.06
468.57,0.89,-312.64
472.84,0.68,-303.37
467.69,-0.56,-250.84
472.16,1.69,-299.18
467.81,2.90,-295.88
478.32,3.22,-347.36
473.61,2.26,-300.51
473.05,2.58,-303.13
472.48,1.45,-302.53
486.42,1.41,-306.72
483.48,0.16,-264.06
485.13,0.48,-260.51
479.85,1.17,-310.54
480.46,1.77,-302.65
482.79,3.99,-348.53
481.75,2.78,-256.93
482.07,3.42,-306.51
477.36,0.85,-301.76
482.07,0.36,-305.63
473.25,0.08,-260.23
468.98,0.60,-259.87
472.92,2.50,-347.60
477.03,3.02,-298.14
476.15,2.30,-291.77
477.68,2.54,-296.65
478.04,0.60,-249.88
468.98,-0.08,-204.80
472.97,2.50,-303.78
485.78,3.79,-308.25
486.54,1.97,-218.54
482.96,0.97,-264.82
485.37,2.70,-362.75
484.12,1.69,-309.50
474.86,1.57,-204.64
468.74,2.42,-202.87
469.10,2.01,-260.51
478.60,2.58,-262.73
472.97,1.45,-261.68
472.84,2.26,-254.75
477.76,3.79,-344.14
483.12,2.90,-307.80
477.84,1.13,-261.24
477.80,-0.20,-256.93
477.28,-1.05,-264.26
473.61,-1.33,-263.57
479.21,0.77,-257.77
479.05,0.44,-210.84
473.37,0.73,-256.81
473.29,1.77,-300.55
473.57,1.81,-303.53
473.93,2.18,-301.88
478.28,3.14,-301.80
477.64,2.01,-259.26
472.97,1.29,-252.33
473.77,0.73,-247.78
478.16,1.65,-344.46
472.60,-1.69,-256.44
478.12,1.61,-262.49
474.05,2.42,-304.70
483.60,3.22,-260.11
477.76,1.45,-203.47
468.45,1.33,-256.97
473.25,4.15,-350.42
478.00,2.50,-310.46
477.36,1.33,-259.26
477.28,1.21,-252.94
478.20,2.34,-257.25
469.02,0.52,-254.43
473.37,3.10,-345.35
477.68,3.34,-296.89
477.19,3.06,-297.77
476.39,3.50,-291.25
481.71,1.49,-250.40
473.61,-0.36,-207.18
472.92,-0.60,-254.71
472.80,1.29,-308.77
477.52,3.18,-307.04
483.64,2.74,-298.82
485.73,1.85,-304.18
486.46,2.70,-303.98
479.77,1.37,-258.18
474.62,0.81,-254.11
478.44,1.93,-253.62
478.32,1.49,-201.94
474.38,-0.04,-207.14
479.45,0.16,-210.64
478.97,0.12,-262.45
477.88,-1.09,-259.54
477.80,0.48,-303.41
472.36,0.60,-305.27
481.91,2.14,-353.12
484.37,0.81,-265.02
490.25,2.30,-317.63
484.04,2.54,-357.92
485.45,1.93,-354.57
484.89,1.37,-305.43
479.77,2.58,-349.54
478.48,1.37,-303.82
477.52,2.62,-349.94
476.95,4.27,-347.24
477.84,3.83,-298.70
478.04,3.06,-296.69
482.63,2.18,-309.01
478.08,0.16,-211.33
477.72,1.05,-257.85
477.19,1.81,-304.46
476.95,1.41,-260.23
472.72,0.48,-303.53
473.89,0.52,-257.05
478.48,2.54,-306.19
469.46,0.77,-261.60
473.97,0.68,-304.58
469.62,-0.81,-255.68
474.46,1.85,-303.13
483.88,3.10,-356.22
490.85,1.01,-356.47
488.84,0.40,-356.02
483.88,1.09,-350.95
481.71,2.50,-351.27
477.11,0.36,-258.66
481.99,2.50,-256.97
473.49,1.57,-209.35
474.46,0.77,-257.85
478.20,1.45,-264.26
478.00,2.09,-215.07
472.97,2.70,-255.31
473.21,1.69,-304.50
482.15,2.34,-350.06
478.08,2.26,-304.26
472.88,1.53,-306.03
468.41,-0.32,-259.02
473.09,2.05,-258.26
468.78,2.46,-308.37
477.44,2.46,-303.41
477.76,4.55,-347.12
477.88,1.41,-253.82
477.15,1.81,-262.04
472.92,0.44,-210.36
477.32,3.59,-299.51
472.92,2.34,-252.82
476.91,2.30,-299.38
473.01,1.33,-300.19
478.44,1.13,-349.66
474.50,0.04,-259.71
478.93,2.34,-307.44
473.97,2.09,-303.74
478.69,0.64,-297.49
472.44,0.20,-203.71
481.06,2.98,-301.08
477.80,1.97,-301.56
483.56,2.74,-302.24
474.66,2.09,-300.23
478.16,2.26,-207.62
477.07,1.49,-256.04
477.64,0.36,-200.53
477.36,0.20,-253.30
485.73,0.93,-308.97
492.26,1.85,-314.57
482.67,3.59,-308.89
477.52,4.31,-352.36
479.93,3.71,-355.70
482.79,2.42,-302.57
477.48,1.53,-256.52
469.14,2.05,-257.65
468.21,1.13,-263.37
473.29,2.34,-307.76
477.96,3.46,-354.81
482.47,2.01,-307.16
476.75,1.89,-257.41
476.99,2.42,-253.86
481.59,4.19,-354.09
477.40,1.21,-262.93
477.40,1.69,-256.16
478.16,1.61,-257.13
478.28,1.41,-253.10
469.42,0.12,-209.75
472.97,0.73,-213.58
472.64,1.33,-210.40
472.44,1.73,-259.95
475.70,1.09,-262.00
483.48,1.57,-262.40
480.38,2.22,-257.45
481.46,2.94,-351.59
474.98,-0.04,-257.21
478.16,1.89,-306.88
473.25,1.33,-308.73
477.36,1.09,-354.17
477.19,-0.04,-258.78
476.83,0.56,-210.76
467.53,0.44,-258.62
468.09,1.93,-303.21
468.33,0.85,-302.41
467.77,0.24,-304.14
476.87,1.53,-354.29
476.03,1.09,-260.03
472.56,0.77,-260.23
477.76,0.56,-259.83
477.56,1.09,-208.75
472.48,1.77,-258.86
477.80,3.95,-351.63
482.03,2.14,-303.90
472.36,-0.85,-257.25
472.72,-1.25,-208.43
472.32,-0.40,-205.24
468.09,-1.17,-255.23
473.45,1.21,-348.65
480.10,1.65,-307.12
484.41,2.54,-312.72
489.76,3.46,-313.60
495.20,2.38,-261.72
481.42,0.00,-210.08
472.16,-1.41,-208.10
474.46,0.04,-261.84
473.85,1.09,-216.12
474.54,2.66,-310.30
473.57,2.74,-355.78
473.49,1.77,-302.12
473.45,1.77,-252.86
468.86,0.81,-206.09
473.37,-0.04,-255.92
480.01,1.05,-255.84
485.98,1.81,-222.44
479.97,1.13,-267.28
476.51,2.54,-315.54
477.52,2.74,-303.53
475.18,1.01,-208.59
478.81,1.41,-302.04
478.20,-0.24,-253.22
482.43,1.21,-298.06
478.52,1.29,-297.81
486.98,2.38,-356.22
489.16,1.41,-269.86
492.99,2.90,-319.00
484.37,2.30,-274.25
487.87,2.98,-308.13
484.00,1.93,-259.58
478.40,1.85,-253.10
477.84,1.53,-301.44
481.79,1.21,-309.98
486.26,0.16,-216.12
477.92,-0.89,-168.50
476.51,0.97,-260.19
480.18,2.34,-310.87
481.83,1.69,-314.97
479.65,1.49,-314.93
480.34,2.70,-305.87
478.44,2.78,-256.85
474.17,1.85,-254.07
469.34,0.36,-211.65
468.82,1.45,-308.89
473.49,0.44,-264.70
477.80,1.37,-258.58
477.76,0.12,-261.28
474.05,0.64,-308.33
473.69,-0.04,-218.13
473.53,1.53,-210.76
473.01,2.18,-251.89
472.68,1.37,-261.40
472.84,0.77,-260.87
471.15,0.64,-313.16
478.52,1.29,-351.51
491.54,2.22,-357.84
487.63,0.93,-313.77
481.26,1.45,-311.75
474.09,1.49,-306.03
482.83,2.46,-350.26
482.87,1.77,-308.21
482.59,1.09,-219.91
483.80,0.48,-268.85
484.16,0.44,-259.58
483.92,1.73,-260.59
471.72,1.21,-208.22
473.41,1.73,-256.32
485.17,2.78,-358.72
494.11,2.70,-316.91
491.41,2.58,-265.02
480.01,3.22,-267.00
481.02,2.70,-218.70
479.09,2.22,-260.47
469.42,0.32,-262.16
472.84,2.14,-262.53
473.77,0.60,-252.17
474.90,1.05,-255.48
474.74,-0.32,-254.11
478.60,1.65,-303.90
478.04,2.98,-305.47
478.24,2.09,-308.89
477.76,0.60,-261.08
473.37,0.32,-304.82
477.15,1.89,-305.39
477.44,1.65,-302.85
473.49,-0.81,-210.48
468.09,-0.32,-257.77
476.63,2.62,-296.56
476.31,3.18,-346.80
477.19,3.46,-347.12
473.41,2.90,-308.17
468.70,2.54,-307.12
468.70,1.45,-300.39
468.17,0.40,-300.39
472.72,-1.41,-256.48
473.05,-0.36,-308.49
474.13,-0.40,-214.55
474.01,2.70,-300.03
468.86,0.68,-251.81
468.41,0.40,-248.55
473.49,0.08,-248.71
473.89,-0.36,-249.07
477.76,-0.12,-248.79
477.52,1.37,-249.03
472.88,0.64,-256.97
468.33,1.81,-301.00
472.80,3.06,-343.37
474.05,3.75,-345.67
474.25,0.56,-256.12
473.09,-0.64,-212.17
479.81,0.81,-211.25
486.38,1.81,-213.54
486.70,1.53,-211.61
483.36,1.73,-305.99
487.95,2.50,-305.79
481.59,1.73,-253.50
479.65,2.38,-303.45
478.00,1.97,-307.52
476.87,1.89,-306.68
472.76,1.85,-306.35
473.57,1.77,-357.19
473.77,1.77,-354.17
473.81,2.58,-305.19
473.29,2.22,-307.88
477.92,2.42,-355.90
481.67,1.77,-306.39
480.78,1.37,-257.17
472.16,1.73,-260.71
472.28,0.44,-254.79
472.48,2.26,-350.14
467.12,1.01,-307.36
471.23,0.85,-306.47
468.05,0.04,-257.65
472.52,1.85,-299.14
473.09,0.93,-255.36
473.61,1.05,-255.15
473.97,1.89,-298.62
482.43,2.18,-306.76
478.28,3.59,-261.52
477.24,3.67,-307.84
476.99,4.55,-348.29
481.99,2.82,-301.48
478.00,2.26,-297.13
477.60,1.25,-245.97
473.21,0.60,-249.96
474.98,0.89,-254.91
482.39,1.25,-306.92
500.36,1.85,-355.70
494.80,1.05,-313.77
488.92,1.41,-308.29
482.59,0.12,-266.80
485.25,1.21,-262.73
479.93,1.33,-260.95
475.06,1.93,-303.57
474.21,2.54,-210.28
474.42,2.62,-214.55
479.05,1.93,-261.64
478.73,1.13,-255.52
474.74,-0.16,-258.22
469.34,0.44,-255.03
469.18,1.93,-352.80
477.52,2.66,-351.51
481.79,1.69,-303.98
477.28,-0.73,-213.70
473.17,0.60,-258.58
478.28,2.50,-302.12
482.39,1.81,-257.21
477.44,0.77,-199.60
477.15,0.40,-206.93
478.00,1.77,-255.72
478.73,1.33,-308.13
478.89,2.26,-304.94
473.77,0.08,-214.87
467.73,1.53,-253.66
467.12,0.52,-247.18
472.44,-0.16,-304.02
468.98,0.32,-259.99
473.41,2.22,-304.30
472.48,1.65,-299.38
472.24,0.12,-306.51
468.49,-0.36,-206.09
473.41,0.93,-301.28
473.73,-0.32,-250.52
478.93,0.64,-259.06
469.58,0.85,-214.83
468.61,1.57,-266.35
474.01,0.28,-213.54
473.49,0.48,-206.21
473.85,1.33,-257.93
473.97,0.93,-298.66
482.47,1.89,-351.03
482.67,2.82,-304.62
477.40,1.57,-306.07
477.28,2.05,-352.56
477.28,3.26,-344.74
477.44,2.98,-298.58
474.01,4.07,-296.73
474.46,3.87,-302.04
473.25,3.02,-304.38
472.92,3.18,-302.65
473.25,1.57,-304.06
483.48,2.30,-351.91
483.56,2.94,-354.17
477.52,3.02,-256.56
468.37,1.09,-247.50
472.44,3.34,-337.29
472.56,1.69,-305.87
473.45,1.57,-307.80
478.08,3.95,-308.29
482.67,4.31,-300.71
482.27,3.79,-301.72
477.11,3.06,-306.84
477.07,1.89,-263.90
469.50,0.16,-266.15
469.58,0.60,-309.29
477.96,2.98,-350.54
482.31,3.02,-348.69
478.64,0.36,-255.92
478.93,0.77,-255.48
474.09,1.61,-257.09
478.60,2.42,-209.67
478.28,1.93,-210.84
474.38,0.89,-214.95
479.37,0.85,-260.47
474.01,-0.93,-213.50
472.44,-0.64,-252.78
472.20,0.36,-257.25
477.76,2.46,-303.45
474.58,2.30,-300.79
477.92,1.61,-302.20
482.96,1.45,-214.23
491.17,1.53,-221.76
485.65,1.77,-268.12
480.70,2.66,-316.59
473.89,1.49,-262.32
475.91,0.48,-304.26
469.62,-1.65,-251.97
473.13,1.09,-302.37
476.63,2.50,-303.70
482.39,2.70,-304.66
482.47,1.61,-263.17
473.93,1.29,-263.13
474.05,0.28,-263.57
473.81,0.28,-259.79
482.19,1.81,-307.24
481.55,2.30,-308.81
477.64,1.69,-301.60
477.64,2.26,-300.92
482.96,2.01,-302.85
482.03,0.48,-253.14
478.00,1.41,-251.41
478.73,2.42,-301.12
479.93,0.89,-210.64
479.97,1.57,-212.25
469.58,1.29,-254.99
468.86,1.33,-299.67
473.25,1.53,-307.92
477.19,2.14,-256.32
482.39,2.98,-347.12
478.20,-0.24,-252.25
478.93,0.00,-256.85
479.05,1.73,-258.86
481.67,1.21,-263.29
487.95,1.41,-313.48
483.36,0.93,-312.32
472.72,2.30,-308.45
475.14,3.63,-355.78
478.64,2.74,-345.67
482.67,3.38,-296.48
474.01,2.86,-300.79
473.73,0.81,-210.84
472.56,2.01,-258.62
471.88,1.85,-255.64
480.94,1.41,-253.14
473.73,0.48,-256.16
469.34,-0.04,-255.84
469.10,0.73,-295.11
473.45,1.73,-345.95
468.86,0.36,-295.32
468.74,0.60,-299.63
474.01,1.49,-348.77
487.06,2.58,-309.33
492.66,1.73,-314.41
488.64,1.53,-316.02
479.73,0.20,-306.68
476.59,-0.16,-258.86
479.73,2.26,-356.06
478.00,1.29,-262.00
473.69,0.16,-260.35
468.98,1.21,-307.92
472.68,2.46,-354.25
477.28,3.10,-353.32
469.14,1.21,-257.37
474.33,3.38,-303.09
474.33,2.42,-303.53
478.77,2.01,-302.89
472.80,0.48,-205.61
477.44,2.38,-301.20
473.53,-0.36,-257.93
473.45,-1.37,-253.74
472.88,-0.08,-250.64
472.97,1.89,-291.77
472.52,0.77,-198.76
473.73,1.93,-300.55
484.77,3.26,-310.30
495.81,1.41,-272.64
486.50,0.64,-221.15
480.58,0.36,-261.40
476.91,0.85,-256.16
475.10,-0.20,-257.57
478.00,-0.04,-254.07
477.24,-1.01,-209.03
473.17,0.40,-206.73
468.86,2.70,-261.44
477.40,3.02,-264.22
473.01,2.38,-254.91
472.84,2.09,-256.04
473.33,0.56,-257.17
473.09,-0.68,-256.77
472.72,-0.28,-306.80